PRODUCT NAME ,ITEM CODE,CATEGORY,SUBCATEGORY,BRAND ,HS CODE,MODEL SERIES ,MDR ,COLOR/TAGS,PACK NAME ,PCS PER PACK ,,
DENGUE IGG/IGM DEVICE ,A1,RAPID DEVICES ,ABBOTT,ABBOTT,3822.1900,,0002781,,1x25,25,,
HBSAG DEVICE ,A2,RAPID DEVICES ,ABBOTT,ABBOTT,3822.1900,,0000350,,1X30,30,,
HCV DEVICE ,A3,RAPID DEVICES ,ABBOTT,ABBOTT,3822.1900,,0000347,,1X30,30,,
HIV DEVICE ,A4,RAPID DEVICES ,ABBOTT,ABBOTT,3822.1900,,0000348,,1X25,25,,
MALARIA PF/PV DEVICE ,A5,RAPID DEVICES ,ABBOTT,ABBOTT,3822.1900,,0002433,,1X25,25,,
SYPHILIS DEVICE ,A6,RAPID DEVICES ,ABBOTT,ABBOTT,3822.1900,,,,1X30,30,,
TB DEVICE ,A7,RAPID DEVICES ,ABBOTT,ABBOTT,3822.1900,,0002782,,1x25,25,,
DENGUE  NS1  DEVICE,A8,RAPID DEVICES ,ABBOTT,ABBOTT,3822.1900,,0002786,,1x25,25,,
H.PAYLORI   DEVICE ,A9,RAPID DEVICES ,ABBOTT,ABBOTT,3822.1900,,,,1X30,30,,
HIV EARLY DETECT KIT ,A10,RAPID DEVICES ,ABBOTT,ABBOTT,3822.1900,,,,1X100,1,,
MALARIA PF/ PAN DEVICE ,A11,RAPID DEVICES ,ABBOTT,ABBOTT,3822.1900,,0002432,,1X25,25,,
HBSAG DETERMINE ,A12,RAPID DEVICES ,ABBOTT,ABBOTT,3822.1900,,0000353,,1X100,1,,
SYPHILIS DETERMINE ,A13,RAPID DEVICES ,ABBOTT,ABBOTT,3822.1900,,0001561,,1X100,1,,
COVID-19 FLU KIT ,A14,RAPID DEVICES ,ABBOTT,ABBOTT,3822.1900,,,,1x20,1,,
DENGUE DUO/COMBO ,A15,RAPID DEVICES ,ABBOTT,ABBOTT,3822.1900,,0002785,,1x1,1,,
H.PAYLORI STOOL DEVICE,A16,RAPID DEVICES ,ABBOTT,ABBOTT,3822.1900,,,,1X30,30,,
HIV+SYPHILIS DUO ,A17,RAPID DEVICES ,ABBOTT,ABBOTT,3822.1900,,0000349,,1x1,1,,
CLEANER H380 ,A18,REAGENTS,ALERE,ABBOTT,3822.1900,,0004068,,1x1 LTR,1,,
DELVENT H560  5P,A19,REAGENTS,ALERE,ABBOTT,3822.1900,,0004068,,1x20 LTR ,1,,
LYSE H380 DIFF 3P ,A20,REAGENTS,ALERE,ABBOTT,3822.1900,,0004068,,1x1 LTR,1,,
H380 INSTRUMENT A380-1,A21,INSTRUMENT,ALERE,ABBOTT,3822.1900,,0000436,,1x1,1,,
UROMETER 120 ,A22,INSTRUMENT,EQUIPMENT,ABBOTT,3822.1900,,,,1x1,1,,
UROCOLOR URINE STRIP 10-PM ,A23,URINE STRIPS,ABBOTT,ABBOTT,3822.1900,,,,1x100,1,,
DENGUE IGG/IGM DEVICE ,H1,RAPID DEVICES ,HEALGEN,HEALGEN,3822.1900,,0006393,,1X25,25,,
DENGUE NS-1 DEVICE ,H2,RAPID DEVICES ,HEALGEN,HEALGEN,3822.1900,,0003633,,1X25,25,,
H.PYLORI AG DEVICE,H4,RAPID DEVICES ,HEALGEN,HEALGEN,3822.1900,,,,1X25,25,,
H.PYLORI DEVICE ,H5,RAPID DEVICES ,HEALGEN,HEALGEN,3822.1900,,0006438,,1X25,25,,
HBSAG DEVICE ,H6,RAPID DEVICES ,HEALGEN,HEALGEN,3822.1900,,0006394,,1X25,25,,
HCV DEVICE ,H7,RAPID DEVICES ,HEALGEN,HEALGEN,3822.1900,,0004992,,1X25,25,,
HIV DEVICE ,H8,RAPID DEVICES ,HEALGEN,HEALGEN,3822.1900,,0004993,,1X25,25,,
MALARIA DEVICE ,H9,RAPID DEVICES ,HEALGEN,HEALGEN,3822.1900,,0006553,,1X25,25,,
MALARIA PF/PAN DEVICE ,H10,RAPID DEVICES ,HEALGEN,HEALGEN,3822.1900,,0006390,,1X25,25,,
OCCULT BLOOD DEVICE ,H11,RAPID DEVICES ,HEALGEN,HEALGEN,3822.1900,,0006442,,1X20,20,,
PREGNANCY STRIP,H12,RAPID DEVICES ,HEALGEN,HEALGEN,3822.1900,,0006389,,1X100,100,,
SYPHILIS DEVICE ,H13,RAPID DEVICES ,HEALGEN,HEALGEN,3822.1900,,0006391,,1X25,25,,
T B DEVCE ,H14,RAPID DEVICES ,HEALGEN,HEALGEN,3822.1900,,0003632,,1X25,25,,
TYPHIOD DEVICE ,H15,RAPID DEVICES ,HEALGEN,HEALGEN,3822.1900,,0006392,,1X25,25,,
MULTI DRUG ,H16,RAPID DEVICES ,HEALGEN,HEALGEN,3822.1900,,0006437,,1x25,25,,
URINE STRIPS 10-PM ,H17,URINE STRIPS,HEALGEN,HEALGEN,3822.1900,,0006440,,1x100,100,,
H.PYLORI AB DEVICE,R1,RAPID DEVICES ,RIGHTSIGN,RIGHTSIGN,3822.1900,,0010707,,1X40,40,,
H.PYLORI AG ,R2,RAPID DEVICES ,RIGHTSIGN,RIGHTSIGN,3822.1900,,0010706,,1X40,40,,
HBSAG DEVICE ,R3,RAPID DEVICES ,RIGHTSIGN,RIGHTSIGN,3822.1900,,0005750,,1X40,40,,
HCV DEVICE ,R4,RAPID DEVICES ,RIGHTSIGN,RIGHTSIGN,3822.1900,,0006308,,1X40,40,,
HIV DEVICE,R5,RAPID DEVICES ,RIGHTSIGN,RIGHTSIGN,3822.1900,,0005751,,1X40,40,,
MALARIA PV  DEVICE ,R6,RAPID DEVICES ,RIGHTSIGN,RIGHTSIGN,3822.1900,,0005753,,1X40,40,,
SYPHILIS DEVICE ,R7,RAPID DEVICES ,RIGHTSIGN,RIGHTSIGN,3822.1900,,,,1X40,40,,
TYPHOID DEVICE,R8,RAPID DEVICES ,RIGHTSIGN,RIGHTSIGN,3822.1900,,0005757,,1X40,40,,
DENGUE NS 1 ANTIGEN  DEVICE ,,RAPID DEVICES ,RIGHTSIGN,RIGHTSIGN,3822.1900,,0005752,,1X40,40,,
MALARIA PAN DEVICE ,,RAPID DEVICES ,RIGHTSIGN,RIGHTSIGN,3822.1900,,0005754,,1X40,40,,
TB DEVICE ,,RAPID DEVICES ,RIGHTSIGN,RIGHTSIGN,3822.1900,,0005756,,1X40,40,,
DENGUE IGG/IGM DEVICE ,,RAPID DEVICES ,RIGHTSIGN,RIGHTSIGN,3822.1900,,0005755,,1X40,40,,
TROP I,,RAPID DEVICES ,RIGHTSIGN,RIGHTSIGN,3822.1900,,0005758,,1X40,40,,
DENGUE COMBO DEVICE ,,RAPID DEVICES ,RIGHTSIGN,RIGHTSIGN,3822.1900,,0005759,,1X40,40,,
HCG DEVICE ,,RAPID DEVICES ,RIGHTSIGN,RIGHTSIGN,3822.1900,,0010834,,1X40,40,,
TOXOPLASMA KIT 25 TEST ,,RAPID DEVICES ,RIGHTSIGN,RIGHTSIGN,3822.1900,,0006865,,1X40,40,,
DENGUE IGG/IGM DEVICE ,O1,RAPID DEVICES ,OTHER ,OTHER ,3822.1900,,,,1X25,25,,
HBSAG DEVICE ,O2,RAPID DEVICES ,OTHER ,OTHER ,3822.1900,,,,1X25,25,,
HCV DEVICE ,O3,RAPID DEVICES ,OTHER ,OTHER ,3822.1900,,,,1X25,25,,
HIV DEVICE ,O4,RAPID DEVICES ,OTHER ,OTHER ,3822.1900,,,,1X25,25,,
MALARIA PF/PV DEVICE ,O5,RAPID DEVICES ,OTHER ,OTHER ,3822.1900,,,,1X25,25,,
SYPHILIS DEVICE ,O6,RAPID DEVICES ,OTHER ,OTHER ,3822.1900,,,,1X25,25,,
TYPHIOD DEVICE ,O7,RAPID DEVICES ,OTHER ,OTHER ,3822.1900,,,,1X25,25,,
DENGUE  NS1  DEVICE,O8,RAPID DEVICES ,OTHER ,OTHER ,3822.1900,,,,1X25,25,,
H.PAYLORI   DEVICE ,O9,RAPID DEVICES ,OTHER ,OTHER ,3822.1900,,,,1X25,25,,
MALARIA PF/ PAN DEVICE ,O10,RAPID DEVICES ,OTHER ,OTHER ,3822.1900,,,,1X25,25,,
COMBOSTIK-10        1X100,U1,URINE STRIPS,DFI,DFI,3822.1900,,,,1X100,1,,
COMBOSTIK-10        1X150,U2,URINE STRIPS,DFI,DFI,3822.1900,,,,1X100,1,,
COMBOSTIK-10 M (150 T),U3,URINE STRIPS,DFI,DFI,3822.1900,,,,1X100,1,,
COMBUR-10   1X100,U4,URINE STRIPS,ROCHE,ROCHE,3822.1900,,0004453,,1X100,1,,
EDTA  K2  13X75  2 ML GLASS,B1,BLOOD COLLECTION,BIO-VAC,BIO-VAC,9018.3981,,,,1X100,1,,
EDTA  K2  13X75  3 ML GLASS,B2,BLOOD COLLECTION,BIO-VAC,BIO-VAC,9018.3981,,,,1X100,1,,
EDTA K2 2ML PET ,B3,BLOOD COLLECTION,BIO-VAC,BIO-VAC,9018.3982,,,,1X100,1,,
EDTA K2 3 ML PET,B4,BLOOD COLLECTION,BIO-VAC,BIO-VAC,9018.3982,,,,1X100,1,,
EDTA K3 10 ML 16X100 GLASS ,B5,BLOOD COLLECTION,BIO-VAC,BIO-VAC,9018.3981,,,,1X100,1,,
EDTA K3 TUBE 0.5ML ,B6,BLOOD COLLECTION,BIO-VAC,BIO-VAC,9018.3981,,,,1X100,1,,
EDTA K3 TUBE 13X75 GLASS 2 ML ,B7,BLOOD COLLECTION,BIO-VAC,BIO-VAC,9018.3981,,,,1X100,1,,
EDTA K3 TUBE13X75  PET 3 ML ,B8,BLOOD COLLECTION,BIO-VAC,BIO-VAC,9018.3982,,,,1X100,1,,
EDTA K3 TUBE13X75 GLASS 3 ML ,B9,BLOOD COLLECTION,BIO-VAC,BIO-VAC,9018.3981,,,,1X100,1,,
EDTA K3 TUBE13X75 PET 2 ML ,B10,BLOOD COLLECTION,BIO-VAC,BIO-VAC,9018.3982,,,,1X100,1,,
ESR FAST DETECTOR STAND ,B11,BLOOD COLLECTION,BIO-VAC,BIO-VAC,9018.3981,,,,1X100,1,,
ESR TUBE 13X75 GLASS 3.8%  3 ML ,B12,BLOOD COLLECTION,BIO-VAC,BIO-VAC,9018.3981,,,,1X100,1,,
ESR TUBE 8X20 GLASS 1.6 ML ,B13,BLOOD COLLECTION,BIO-VAC,BIO-VAC,9018.3981,,,,1X100,1,,
GEL TUBE 16X100 GLASS 10 ML ,B14,BLOOD COLLECTION,BIO-VAC,BIO-VAC,9018.3981,,,,1X100,1,,
GEL TUBE13X75 GLASS 4 ML ,B15,BLOOD COLLECTION,BIO-VAC,BIO-VAC,9018.3981,,,,1X100,1,,
GEL TUBE13X75 GLASS 5 ML ,B16,BLOOD COLLECTION,BIO-VAC,BIO-VAC,9018.3981,,,,1X100,1,,
GEL TUBE13X75 PET 4 ML ,B17,BLOOD COLLECTION,BIO-VAC,BIO-VAC,9018.3982,,,,1X100,1,,
GLUCOSE TUBE 0.5ML ,B18,BLOOD COLLECTION,BIO-VAC,BIO-VAC,9018.3981,,,,1X100,1,,
GLUCOSE TUBE GLASS 2 ML ,B19,BLOOD COLLECTION,BIO-VAC,BIO-VAC,9018.3981,,,,1X100,1,,
LITHIUM HEPARIN & GEL  4 ML ,B20,BLOOD COLLECTION,BIO-VAC,BIO-VAC,9018.3981,,,,1X100,1,,
LITHIUM HEPARIN 3 ML ,B21,BLOOD COLLECTION,BIO-VAC,BIO-VAC,9018.3981,,,,1X100,1,,
LITHIUM HEPARIN 3 ML PET ,B22,BLOOD COLLECTION,BIO-VAC,BIO-VAC,9018.3982,,,,1X100,1,,
PLAIN TUBE  16X100 GLASS 10 ML ,B23,BLOOD COLLECTION,BIO-VAC,BIO-VAC,9018.3981,,,,1X100,1,,
PLAIN TUBE 0.5ML ,B24,BLOOD COLLECTION,BIO-VAC,BIO-VAC,9018.3981,,,,1X100,1,,
PLAIN TUBE 13X75 GLASS 3 ML ,B25,BLOOD COLLECTION,BIO-VAC,BIO-VAC,9018.3981,,,,1X100,1,,
PLAIN TUBE 13X75 PET 3 ML,B26,BLOOD COLLECTION,BIO-VAC,BIO-VAC,9018.3982,,,,1X100,1,,
PLAIN TUBE GLASS 5 ML ,B27,BLOOD COLLECTION,BIO-VAC,BIO-VAC,9018.3981,,,,1X100,1,,
PLAIN WITH CLOT ACTIVATOR 4ML,B28,BLOOD COLLECTION,BIO-VAC,BIO-VAC,9018.3981,,,,1X100,1,,
PLAIN WITH CLOT ACTIVATOR 5ML,B29,BLOOD COLLECTION,BIO-VAC,BIO-VAC,9018.3981,,,,1X100,1,,
PT TUBE  SODIUM CITRATE 10 ML ,B30,BLOOD COLLECTION,BIO-VAC,BIO-VAC,9018.3981,,,,1X100,1,,
PT TUBE 3.2% SODIUM CITRATE 1.8 ML ,B31,BLOOD COLLECTION,BIO-VAC,BIO-VAC,9018.3981,,,,1X100,1,,
PT TUBE PET 3.2% SODIUM CITRATE 1.8 M  ,B32,BLOOD COLLECTION,BIO-VAC,BIO-VAC,9018.3982,,,,1X100,1,,
VACCUME TUBE HOLDER ,B33,BLOOD COLLECTION,BIO-VAC,BIO-VAC,9018.3982,,,,1X100,1,,
EDTA 3 ML GLASS,X1,BLOOD COLLECTION,XINLE,XINLE,9018.3981,,,,1X100,1,,
EDTA K3 TUBE 2 ML GLASS ,X2,BLOOD COLLECTION,XINLE,XINLE,9018.3981,,,,1X100,1,,
EDTA K3 TUBE 3 ML PET ,X3,BLOOD COLLECTION,XINLE,XINLE,9018.3982,,,,1X100,1,,
GEL TUBE 3 ML PET,X4,BLOOD COLLECTION,XINLE,XINLE,9018.3982,,,,1X100,1,,
GEL TUBE 3ML GLASS ,X5,BLOOD COLLECTION,XINLE,XINLE,9018.3981,,,,1X100,1,,
GLUCOSE TUBE 3 ML GLASS ,X6,BLOOD COLLECTION,XINLE,XINLE,9018.3981,,,,1X100,1,,
LITHIUM HEPARIN ,X7,BLOOD COLLECTION,XINLE,XINLE,9018.3981,,,,1X100,1,,
PLAIN TUBE 4 ML NO ADDITIVE ,X8,BLOOD COLLECTION,XINLE,XINLE,9018.3981,,,,1X100,1,,
PLAIN TUBE CLOT ACTIVATOR 4 ML ,X9,BLOOD COLLECTION,XINLE,XINLE,9018.3981,,,,1X100,1,,
PT TUBE 10 ML GLASS ,X10,BLOOD COLLECTION,XINLE,XINLE,9018.3981,,,,1X100,1,,
PT TUBE 2 ML PET ,X11,BLOOD COLLECTION,XINLE,XINLE,9018.3982,,,,1X100,1,,
PT TUBE 2 ML GLASS ,X12,BLOOD COLLECTION,XINLE,XINLE,9018.3981,,,,1X100,1,,
GEL TUBE  GLASS ,Y1,BLOOD COLLECTION,YBK,YBK,9018.3981,,,,1X100,1,,
GLUCOSE TUBE  ,Y2,BLOOD COLLECTION,YBK,YBK,9018.3981,,,,1X100,1,,
PLAIN TUBE ,Y3,BLOOD COLLECTION,YBK,YBK,9018.3981,,,,1X100,1,,
PT TUBE ,Y4,BLOOD COLLECTION,YBK,YBK,9018.3981,,,,1X100,1,,
A1-LECTIN 5 ML ,S1,BIOCHEMISTRY KITS,SBIO,SBIO,3822.9000,,,,1X1,1,,
ALKALINE PHOSPHATASE 20X15 ML ,S2,BIOCHEMISTRY KITS,SBIO,SBIO,3822.9000,,,,1X1,1,,
ALKALINE PHOSPHATASE 30 TEST ,S3,BIOCHEMISTRY KITS,SBIO,SBIO,3822.9000,,,,1X1,1,,
AMYLASE 2X75 ML ,S4,BIOCHEMISTRY KITS,SBIO,SBIO,3822.9000,,,,1X1,1,,
ANTI  D,S5,BIOCHEMISTRY KITS,SBIO,SBIO,3822.9000,,,,1X1,1,,
ANTI HUMAN GLOBULIN 10 ML,S6,BIOCHEMISTRY KITS,SBIO,SBIO,3822.9000,,,,1X1,1,,
APTT 3ML ,S7,BIOCHEMISTRY KITS,SBIO,SBIO,3822.9000,,,,1X1,1,,
ASO KIT 100 TEST ,S8,BIOCHEMISTRY KITS,SBIO,SBIO,3822.9000,,,,1X1,1,,
BILIRUBIN KIT 2X150 ML ,S9,BIOCHEMISTRY KITS,SBIO,SBIO,3822.9000,,,,1X1,1,,
BRUCELLA ABORTUS 5 ML ,S10,BIOCHEMISTRY KITS,SBIO,SBIO,3822.9000,,,,1X1,1,,
BRUCELLA MELITENSIS 5 ML ,S11,BIOCHEMISTRY KITS,SBIO,SBIO,3822.9000,,,,1X1,1,,
CHOLESTROL 2X150 ML ,S12,BIOCHEMISTRY KITS,SBIO,SBIO,3822.9000,,,,1X1,1,,
CK  ( NACACT ) 2X25 ML ,S13,BIOCHEMISTRY KITS,SBIO,SBIO,3822.9000,,,,1X1,1,,
CK  ( NACACT ) 2X75 ML ,S14,BIOCHEMISTRY KITS,SBIO,SBIO,3822.9000,,,,1X1,1,,
CKMB ( NACACT ) 2X25 ML ,S15,BIOCHEMISTRY KITS,SBIO,SBIO,3822.9000,,,,1X1,1,,
CKMB ( NACACT ) 2X75 ML,S16,BIOCHEMISTRY KITS,SBIO,SBIO,3822.9000,,,,1X1,1,,
CREATININE 2X150 ML ,S17,BIOCHEMISTRY KITS,SBIO,SBIO,3822.9000,,,,1X1,1,,
CRP KIT 100 TEST,S18,BIOCHEMISTRY KITS,SBIO,SBIO,3822.9000,,,,1X1,1,,
GLUCOSE 4 X 250  ,S19,BIOCHEMISTRY KITS,SBIO,SBIO,3822.9000,,,,1X1,1,,
GLUCOSE KIT 1000 ML ,S20,BIOCHEMISTRY KITS,SBIO,SBIO,3822.9000,,,,1X1,1,,
GLUCOSE KIT 3X150 ML ,S21,BIOCHEMISTRY KITS,SBIO,SBIO,3822.9000,,,,1X1,1,,
GLYCOSYLATED HEMOGLOBIN 25 TEST ,S22,BIOCHEMISTRY KITS,SBIO,SBIO,3822.9000,,,,1X1,1,,
GPT 10X10,S23,BIOCHEMISTRY KITS,SBIO,SBIO,3822.9000,,,,1X1,1,,
IRON+TIBC 150 ML ,S24,BIOCHEMISTRY KITS,SBIO,SBIO,3822.9000,,,,1X1,1,,
JMS BLOOD BAG 500 ML,S25,BIOCHEMISTRY KITS,SBIO,SBIO,3822.9000,,,,1X1,1,,
LDH 2X150 ML ,S26,BIOCHEMISTRY KITS,SBIO,SBIO,3822.9000,,,,1X1,1,,
MICROALBUMIN UREA 25 TEST ,S27,BIOCHEMISTRY KITS,SBIO,SBIO,3822.9000,,,,1X1,1,,
MICROPROTEIN (CSF) 2X150 ML,S28,BIOCHEMISTRY KITS,SBIO,SBIO,3822.9000,,,,1X1,1,,
OCCULT BLOOD 100 TEST ,S29,BIOCHEMISTRY KITS,SBIO,SBIO,3822.9000,,,,1X1,1,,
PHOSPHOROUS 2X150 ML ,S30,BIOCHEMISTRY KITS,SBIO,SBIO,3822.9000,,,,1X1,1,,
POTASSIUM KIT 50 TEST ,S31,BIOCHEMISTRY KITS,SBIO,SBIO,3822.9000,,,,1X1,1,,
PT  (ISI~1.0)  5ML ,S32,BIOCHEMISTRY KITS,SBIO,SBIO,3822.9000,,,,1X1,1,,
RF 100 TEST ,S33,BIOCHEMISTRY KITS,SBIO,SBIO,3822.9000,,,,1X1,1,,
RPR 250 TEST,S34,BIOCHEMISTRY KITS,SBIO,SBIO,3822.9000,,,,1X1,1,,
SGOT (ASAT) KIT 2X150 ML ,S35,BIOCHEMISTRY KITS,SBIO,SBIO,3822.9000,,,,1X1,1,,
SGOT (ASAT) KIT 75 ML ,S36,BIOCHEMISTRY KITS,SBIO,SBIO,3822.9000,,,,1X1,1,,
SGPT (ALAT) KIT 2X150 ML ,S37,BIOCHEMISTRY KITS,SBIO,SBIO,3822.9000,,,,1X1,1,,
SGPT (ALAT) KIT 75 ML ,S38,BIOCHEMISTRY KITS,SBIO,SBIO,3822.9000,,,,1X1,1,,
SLE  KIT 25 TEST ,S39,BIOCHEMISTRY KITS,SBIO,SBIO,3822.9000,,,,1X1,1,,
SODIUM COLORIMETRIC 50 TEST ,S40,BIOCHEMISTRY KITS,SBIO,SBIO,3822.9000,,,,1X1,1,,
TOXOPLASMA KIT 25 TEST ,S41,BIOCHEMISTRY KITS,SBIO,SBIO,3822.9000,,,,1X1,1,,
TRIGLYCERIDE 75 ML ,S42,BIOCHEMISTRY KITS,SBIO,SBIO,3822.9000,,,,1X1,1,,
TUBERCULOSIS (PPD ) 5 TU  1X5 ML,S43,BIOCHEMISTRY KITS,SBIO,SBIO,3822.9000,,,,1X1,1,,
UREA 2X100 HUMAN,S44,BIOCHEMISTRY KITS,SBIO,SBIO,3822.9000,,,,1X1,1,,
UREA UV 2X150 ,S45,BIOCHEMISTRY KITS,SBIO,SBIO,3822.9000,,,,1X1,1,,
URIC ACID 2X150 ML ,S46,BIOCHEMISTRY KITS,SBIO,SBIO,3822.9000,,,,1X1,1,,
URIC ACID 75 ML ,S47,BIOCHEMISTRY KITS,SBIO,SBIO,3822.9000,,,,1X1,1,,
WIDAL  AH  5ML ,S48,BIOCHEMISTRY KITS,SBIO,SBIO,3822.9000,,,,1X1,1,,
WIDAL  AO  5ML ,S49,BIOCHEMISTRY KITS,SBIO,SBIO,3822.9000,,,,1X1,1,,
WIDAL  BH  5ML ,S50,BIOCHEMISTRY KITS,SBIO,SBIO,3822.9000,,,,1X1,1,,
WIDAL  BO  5ML ,S51,BIOCHEMISTRY KITS,SBIO,SBIO,3822.9000,,,,1X1,1,,
WIDAL  TH  5ML ,S52,BIOCHEMISTRY KITS,SBIO,SBIO,3822.9000,,,,1X1,1,,
WIDAL  TO  5ML,S53,BIOCHEMISTRY KITS,SBIO,SBIO,3822.9000,,,,1X1,1,,
BLOOD AGAR BASE 500 GM ,S54,CULTURE MEDIA ,SBIO,SBIO,3822.9000,,,,1X1,1,,
BRAIN HEART INFUSION AGAR 500 GM ,S55,CULTURE MEDIA ,SBIO,SBIO,3822.9000,,,,1X1,1,,
BRAIN HEART INFUSION BROTH 500 GM ,S56,CULTURE MEDIA ,SBIO,SBIO,3822.9000,,,,1X1,1,,
CLED AGAR WITH ANDRADE 500 GM ,S57,CULTURE MEDIA ,SBIO,SBIO,3822.9000,,,,1X1,1,,
COLOMBIA AGAR 500,S58,CULTURE MEDIA ,SBIO,SBIO,3822.9000,,,,1X1,1,,
DNASE AGAR 500 GM  ,S59,CULTURE MEDIA ,SBIO,SBIO,3822.9000,,,,1X1,1,,
FLUID THIOGLYCOLYTE 500GM,S60,CULTURE MEDIA ,SBIO,SBIO,3822.9000,,,,1X1,1,,
L.J  MEDIUM BASE 500 GM ,S61,CULTURE MEDIA ,SBIO,SBIO,3822.9000,,,,1X1,1,,
MACCONKEY AGAR BASE ,S62,CULTURE MEDIA ,SBIO,SBIO,3822.9000,,,,1X1,1,,
MACCONKEY AGAR BROTH ,S63,CULTURE MEDIA ,SBIO,SBIO,3822.9000,,,,1X1,1,,
MACCONKEY AGAR W/O CRYSTAL VIOLET ,S64,CULTURE MEDIA ,SBIO,SBIO,3822.9000,,,,1X1,1,,
MACCONKEY AGAR WITH CRYSTAL VIOLET ,S65,CULTURE MEDIA ,SBIO,SBIO,3822.9000,,,,1X1,1,,
MANNITOL SALT AGAR 500 GM ,S66,CULTURE MEDIA ,SBIO,SBIO,3822.9000,,,,1X1,1,,
MULLER HINTON AGAR 500 GM ,S67,CULTURE MEDIA ,SBIO,SBIO,3822.9000,,,,1X1,1,,
MULLER HINTON BROTH 500 GM,S68,CULTURE MEDIA ,SBIO,SBIO,3822.9000,,,,1X1,1,,
NUTRIENT AGAR 500 GM ,S69,CULTURE MEDIA ,SBIO,SBIO,3822.9000,,,,1X1,1,,
NUTRIENT BROTH 500 GM ,S70,CULTURE MEDIA ,SBIO,SBIO,3822.9000,,,,1X1,1,,
PEPTONE WATER 500 GM ,S71,CULTURE MEDIA ,SBIO,SBIO,3822.9000,,,,1X1,1,,
S.S AGAR 500 GM ,S72,CULTURE MEDIA ,SBIO,SBIO,3822.9000,,,,1X1,1,,
SABOURAUD DEXTROSE AGAR 500 GM ,S73,CULTURE MEDIA ,SBIO,SBIO,3822.9000,,,,1X1,1,,
SIMMONS CITRATE AGAR 500 GM ,S74,CULTURE MEDIA ,SBIO,SBIO,3822.9000,,,,1X1,1,,
SOYABEAN CASEIN DIGEST 500 GM ,S75,CULTURE MEDIA ,SBIO,SBIO,3822.9000,,,,1X1,1,,
T.C.B.S AGAR 500 GM ,S76,CULTURE MEDIA ,SBIO,SBIO,3822.9000,,,,1X1,1,,
TRIPLE SUGAR IRON 500 GM ,S77,CULTURE MEDIA ,SBIO,SBIO,3822.9000,,,,1X1,1,,
TRYPTON SOYA AGAR 500 GM ,S78,CULTURE MEDIA ,SBIO,SBIO,3822.9000,,,,1X1,1,,
ABD COMBIPACK  3X10 ML ,BIO 1,BIOCHEMISTRY KITS,BIOSCIEN,BIOSCIEN,3822.9000,,,,1X1,1,,
ANTIHUMAN GLOBULIN 10 ML ,BIO2,BIOCHEMISTRY KITS,BIOSCIEN,BIOSCIEN,3822.9000,,,,1X1,1,,
BOVINE ALBUMINE 10 ML,BIO 3,BIOCHEMISTRY KITS,BIOSCIEN,BIOSCIEN,3822.9000,,,,1X1,1,,
ALBUMIN 1X100ML ,BIO 4,BIOCHEMISTRY KITS,BIOSCIEN,BIOSCIEN,3822.9000,,,,1X1,1,,
ALBUMIN KIT 2X100 ML  ,BIO 5,BIOCHEMISTRY KITS,BIOSCIEN,BIOSCIEN,3822.9000,,,,1X1,1,,
ALKALINE 90+10 ML ,BIO 6,BIOCHEMISTRY KITS,BIOSCIEN,BIOSCIEN,3822.9000,,,,1X1,1,,
ASO 100 TEST ,BIO 7,BIOCHEMISTRY KITS,BIOSCIEN,BIOSCIEN,3822.9000,,,,1X1,1,,
BILIRUBIN 2X100 ML T&D ,BIO 8,BIOCHEMISTRY KITS,BIOSCIEN,BIOSCIEN,3822.9000,,,,1X1,1,,
CHOLESTEROL 5X100 ML ,BIO 9,BIOCHEMISTRY KITS,BIOSCIEN,BIOSCIEN,3822.9000,,,,1X1,1,,
CHOLESTROL 10 X 100 ,BIO 10,BIOCHEMISTRY KITS,BIOSCIEN,BIOSCIEN,3822.9000,,,,1X1,1,,
CREATININE 20100 ML ,BIO 11,BIOCHEMISTRY KITS,BIOSCIEN,BIOSCIEN,3822.9000,,,,1X1,1,,
CRP KIT 100 TEST ,BIO 12,BIOCHEMISTRY KITS,BIOSCIEN,BIOSCIEN,3822.9000,,,,1X1,1,,
GLUCOSE KIT 4X250 ML ,BIO 13,BIOCHEMISTRY KITS,BIOSCIEN,BIOSCIEN,3822.9000,,,,1X1,1,,
RA FACTOR 100 TEST ,BIO 14,BIOCHEMISTRY KITS,BIOSCIEN,BIOSCIEN,3822.9000,,,,1X1,1,,
SGOT 80+20 ML ,BIO 15,BIOCHEMISTRY KITS,BIOSCIEN,BIOSCIEN,3822.9000,,,,1X1,1,,
SGPT 80+20 ML ,BIO 16,BIOCHEMISTRY KITS,BIOSCIEN,BIOSCIEN,3822.9000,,,,1X1,1,,
TOTAL PROTEIN KIT 2X100 ML,BIO 17,BIOCHEMISTRY KITS,BIOSCIEN,BIOSCIEN,3822.9000,,,,1X1,1,,
TOTAL PROTIEN 1X100ML ,BIO 18,BIOCHEMISTRY KITS,BIOSCIEN,BIOSCIEN,3822.9000,,,,1X1,1,,
TRIGLYCERIDE 1X100ML,BIO 19,BIOCHEMISTRY KITS,BIOSCIEN,BIOSCIEN,3822.9000,,,,1X1,1,,
TRIGLYCERIDE 2X100+50 ML ,BIO 20,BIOCHEMISTRY KITS,BIOSCIEN,BIOSCIEN,3822.9000,,,,1X1,1,,
UREA 2X100+50 ML ,BIO 21,BIOCHEMISTRY KITS,BIOSCIEN,BIOSCIEN,3822.9000,,,,1X1,1,,
UREA 4X50 ML ,BIO 22,BIOCHEMISTRY KITS,BIOSCIEN,BIOSCIEN,3822.9000,,,,1X1,1,,
URIC ACID 1X100ML,BIO 23,BIOCHEMISTRY KITS,BIOSCIEN,BIOSCIEN,3822.9000,,,,1X1,1,,
URIC ACID 3 X 100 ,BIO 24,BIOCHEMISTRY KITS,BIOSCIEN,BIOSCIEN,3822.9000,,,,1X1,1,,
URIC ACID 5X100 ML ,BIO 25,BIOCHEMISTRY KITS,BIOSCIEN,BIOSCIEN,3822.9000,,,,1X1,1,,
TRIGLYCERIDE 200 ML KIT ,BIO 26,BIOCHEMISTRY KITS,BIOSCIEN,BIOSCIEN,3822.9000,,,,1X1,1,,
TRIGLYCERIDE 500 ML KIT ,BIO 27,BIOCHEMISTRY KITS,BIOSCIEN,BIOSCIEN,3822.9000,,,,1X1,1,,
ANTI HUMAN GLOBULIN 10 ML ,ATL 1,BIOCHEMISTRY KITS,ATLAS,ATLAS,3822.9000,,,,1X1,1,,
BOVINE ALBUMIN 22% 10 ML ,ATL 2,BIOCHEMISTRY KITS,ATLAS,ATLAS,3822.9000,,,,1X1,1,,
ALKALINE KIT 10 X 100  ,BIO R 1,BIOCHEMISTRY KITS,BIORESEARCH,BIORESEARCH,3822.9000,,,,1X1,1,,
SGPT KIT  10X100 ML,BIO R 2,BIOCHEMISTRY KITS,BIORESEARCH,BIORESEARCH,3822.9000,,,,1X1,1,,
UREA 4X250 ML ,BIO R 3,BIOCHEMISTRY KITS,BIORESEARCH,BIORESEARCH,3822.9000,,,,1X1,1,,
URIC ACID  10X100 ML,BIO R 4,BIOCHEMISTRY KITS,BIORESEARCH,BIORESEARCH,3822.9000,,,,1X1,1,,
RF 100 TEST ,L1,BIOCHEMISTRY KITS,LAB KITS,LAB KITS,3822.9000,,,,1X1,1,,
URIC ACID 2X50 ML ,L2,BIOCHEMISTRY KITS,LAB KITS,LAB KITS,3822.9000,,,,1X1,1,,
CHOLETERL 2X50 ML ,L3,BIOCHEMISTRY KITS,LAB KITS,LAB KITS,3822.9000,,,,1X1,1,,
TRIGLYCERIDE KIT 2X125 ML,L4,BIOCHEMISTRY KITS,LAB KITS,LAB KITS,3822.9000,,,,1X1,1,,
ABD ,C1,BIOCHEMISTRY KITS,CRESCENT ,CRESCENT ,3822.9000,,,,1X1,1,,
ALBUMIN 3X100 ML ,C2,BIOCHEMISTRY KITS,CRESCENT ,CRESCENT ,3822.9000,,,,1X1,1,,
ALBUMIN.  2X500 ML ,C3,BIOCHEMISTRY KITS,CRESCENT ,CRESCENT ,3822.9000,,,,1X1,1,,
ALKALINE PHOSPHATASE 1000ML ,C4,BIOCHEMISTRY KITS,CRESCENT ,CRESCENT ,3822.9000,,,,1X1,1,,
ALKALINE PHOSPHATASE 10X100 ML ,C5,BIOCHEMISTRY KITS,CRESCENT ,CRESCENT ,3822.9000,,,,1X1,1,,
ALKALINE PHOSPHATASE 1X50 ML ,C6,BIOCHEMISTRY KITS,CRESCENT ,CRESCENT ,3822.9000,,,,1X1,1,,
ALKALINE PHOSPHATASE 2X500,C7,BIOCHEMISTRY KITS,CRESCENT ,CRESCENT ,3822.9000,,,,1X1,1,,
BILIRUBIN .TOTAL     1X200 ML ,C8,BIOCHEMISTRY KITS,CRESCENT ,CRESCENT ,3822.9000,,,,1X1,1,,
BILIRUBIN TOTAL & DIRECT  5X100+25 ML ,C9,BIOCHEMISTRY KITS,CRESCENT ,CRESCENT ,3822.9000,,,,1X1,1,,
BILIRUBIN TOTAL & DIRECT 1050ML ,C10,BIOCHEMISTRY KITS,CRESCENT ,CRESCENT ,3822.9000,,,,1X1,1,,
CALCIUM    2X100 ML ,C11,BIOCHEMISTRY KITS,CRESCENT ,CRESCENT ,3822.9000,,,,1X1,1,,
CALCIUM 10X100 ML ,C12,BIOCHEMISTRY KITS,CRESCENT ,CRESCENT ,3822.9000,,,,1X1,1,,
CHOLESTEROL   2X50 ML ,C13,BIOCHEMISTRY KITS,CRESCENT ,CRESCENT ,3822.9000,,,,1X1,1,,
CHOLESTEROL  2X100 ML ,C14,BIOCHEMISTRY KITS,CRESCENT ,CRESCENT ,3822.9000,,,,1X1,1,,
CHOLESTEROL 10X100 ML ,C15,BIOCHEMISTRY KITS,CRESCENT ,CRESCENT ,3822.9000,,,,1X1,1,,
CREATANIN 2X100 ML ,C16,BIOCHEMISTRY KITS,CRESCENT ,CRESCENT ,3822.9000,,,,1X1,1,,
CREATANIN 2X500 ML ,C17,BIOCHEMISTRY KITS,CRESCENT ,CRESCENT ,3822.9000,,,,1X1,1,,
HDL 2X50 ML ,C18,BIOCHEMISTRY KITS,CRESCENT ,CRESCENT ,3822.9000,,,,1X1,1,,
HDL CHOLESTEROL 1000 ML ,C19,BIOCHEMISTRY KITS,CRESCENT ,CRESCENT ,3822.9000,,,,1X1,1,,
LDL CHOLESTEROL 6X50 ML ,C20,BIOCHEMISTRY KITS,CRESCENT ,CRESCENT ,3822.9000,,,,1X1,1,,
RAPPI STAIN  3X500 ML ,C21,BIOCHEMISTRY KITS,CRESCENT ,CRESCENT ,3822.9000,,,,1X1,1,,
SGOT COLORIMETRIC 2X50 ML ,C22,BIOCHEMISTRY KITS,CRESCENT ,CRESCENT ,3822.9000,,,,1X1,1,,
SGOT IFCC   1X50 ML ,C23,BIOCHEMISTRY KITS,CRESCENT ,CRESCENT ,3822.9000,,,,1X1,1,,
SGOT IFCC 10X100 ML ,C24,BIOCHEMISTRY KITS,CRESCENT ,CRESCENT ,3822.9000,,,,1X1,1,,
SGOT IFCC 2X500 ML ,C25,BIOCHEMISTRY KITS,CRESCENT ,CRESCENT ,3822.9000,,,,1X1,1,,
SGPT COLORIMETRIC 2X50 ML ,C26,BIOCHEMISTRY KITS,CRESCENT ,CRESCENT ,3822.9000,,,,1X1,1,,
SGPT IFCC   1X50 ML ,C27,BIOCHEMISTRY KITS,CRESCENT ,CRESCENT ,3822.9000,,,,1X1,1,,
SGPT IFCC 10X100 ML ,C28,BIOCHEMISTRY KITS,CRESCENT ,CRESCENT ,3822.9000,,,,1X1,1,,
SGPT IFCC 2X500 ML ,C29,BIOCHEMISTRY KITS,CRESCENT ,CRESCENT ,3822.9000,,,,1X1,1,,
TOTAL PROTEIN 3X100 ML ,C30,BIOCHEMISTRY KITS,CRESCENT ,CRESCENT ,3822.9000,,,,1X1,1,,
TOTAL PROTEIN. 2X500 ML ,C31,BIOCHEMISTRY KITS,CRESCENT ,CRESCENT ,3822.9000,,,,1X1,1,,
TRIGLYCERIDE 2X100 ML  ,C32,BIOCHEMISTRY KITS,CRESCENT ,CRESCENT ,3822.9000,,,,1X1,1,,
TRIGLYCERIDE 2X50 ML ,C33,BIOCHEMISTRY KITS,CRESCENT ,CRESCENT ,3822.9000,,,,1X1,1,,
TRIGLYCERIDE 6X50 ML ,C34,BIOCHEMISTRY KITS,CRESCENT ,CRESCENT ,3822.9000,,,,1X1,1,,
UREA  BERTHILOT  2X100 ML ,C35,BIOCHEMISTRY KITS,CRESCENT ,CRESCENT ,3822.9000,,,,1X1,1,,
UREA  BERTHILOT  6X50  ML ,C36,BIOCHEMISTRY KITS,CRESCENT ,CRESCENT ,3822.9000,,,,1X1,1,,
UREA  BERTHILOT.  4X250 ML ,C37,BIOCHEMISTRY KITS,CRESCENT ,CRESCENT ,3822.9000,,,,1X1,1,,
URIC ACID    2X100 ML ,C38,BIOCHEMISTRY KITS,CRESCENT ,CRESCENT ,3822.9000,,,,1X1,1,,
URIC ACID  10X100 ML ,C39,BIOCHEMISTRY KITS,CRESCENT ,CRESCENT ,3822.9000,,,,1X1,1,,
ACETIC ACID 33% 250 ML,D1,STAINS ,DIACHEM,DIACHEM,3822.9000,,,,1X1,1,,
ALBERT STAIN 2X500 ML,D2,STAINS ,DIACHEM,DIACHEM,3822.9000,,,,1X1,1,,
BARIUM CHOLORIDE 10 % 500,D3,STAINS ,DIACHEM,DIACHEM,3822.9000,,,,1X1,1,,
BENDICT SOLUTION 500 ML,D4,STAINS ,DIACHEM,DIACHEM,3822.9000,,,,1X1,1,,
BLEECH 1XLITER,D5,STAINS ,DIACHEM,DIACHEM,3822.9000,,,,1X1,1,,
CA 50,D6,STAINS ,DIACHEM,DIACHEM,3822.9000,,,,1X1,1,,
CALCIUM CHLORIDE 0.025 MOL/L 500 ML,D7,STAINS ,DIACHEM,DIACHEM,3822.9000,,,,1X1,1,,
CALCIUM CHLORIDE 250 ML,D8,STAINS ,DIACHEM,DIACHEM,3822.9000,,,,1X1,1,,
CARBAL FUSCHIN 250 ML,D9,STAINS ,DIACHEM,DIACHEM,3822.9000,,,,1X1,1,,
CARBOL FUCHSIN 500 ML,D10,STAINS ,DIACHEM,DIACHEM,3822.9000,,,,1X1,1,,
CEDER WOOD OIL 500 ML,D11,STAINS ,DIACHEM,DIACHEM,3822.9000,,,,1X1,1,,
CRYSTAL VIOLET 250 ML,D12,STAINS ,DIACHEM,DIACHEM,3822.9000,,,,1X1,1,,
CRYSTAL VIOLET 500 ML,D13,STAINS ,DIACHEM,DIACHEM,3822.9000,,,,1X1,1,,
DECOLOURIZER (GM) 250 ML,D14,STAINS ,DIACHEM,DIACHEM,3822.9000,,,,1X1,1,,
DECOLOURIZER (GM) 500 ML,D15,STAINS ,DIACHEM,DIACHEM,3822.9000,,,,1X1,1,,
DECOLOURIZER (ZN) 250 ML,D16,STAINS ,DIACHEM,DIACHEM,3822.9000,,,,1X1,1,,
DECOLOURIZER(ZN) 500 ML,D17,STAINS ,DIACHEM,DIACHEM,3822.9000,,,,1X1,1,,
DPX MOUNTING OIL 500 ML,D18,STAINS ,DIACHEM,DIACHEM,3822.9000,,,,1X1,1,,
E.S.R.SOLUTION 500 ML,D19,STAINS ,DIACHEM,DIACHEM,3822.9000,,,,1X1,1,,
EA 50  PAPANICOLAOU 500 ML,D20,STAINS ,DIACHEM,DIACHEM,3822.9000,,,,1X1,1,,
EDTA SOLUTION 500 ML,D21,STAINS ,DIACHEM,DIACHEM,3822.9000,,,,1X1,1,,
EOSIN Y 1.0 % 500 ML,D22,STAINS ,DIACHEM,DIACHEM,3822.9000,,,,1X1,1,,
EOSINOPHIL COUNT 250 ML,D23,STAINS ,DIACHEM,DIACHEM,3822.9000,,,,1X1,1,,
EOSINOPHIL COUNT 500 ML,D24,STAINS ,DIACHEM,DIACHEM,3822.9000,,,,1X1,1,,
ESR SULTION,D25,STAINS ,DIACHEM,DIACHEM,3822.9000,,,,1X1,1,,
FIELD STAIN   A 250 ML,D26,STAINS ,DIACHEM,DIACHEM,3822.9000,,,,1X1,1,,
FIELD STAIN   A 500 ML,D27,STAINS ,DIACHEM,DIACHEM,3822.9000,,,,1X1,1,,
FIELD STAIN   B 250 ML,D28,STAINS ,DIACHEM,DIACHEM,3822.9000,,,,1X1,1,,
FIELD STAIN   B 500 ML,D29,STAINS ,DIACHEM,DIACHEM,3822.9000,,,,1X1,1,,
GIEMSA STAIN  250 ML,D30,STAINS ,DIACHEM,DIACHEM,3822.9000,,,,1X1,1,,
GIEMSA STAIN  500 ML,D31,STAINS ,DIACHEM,DIACHEM,3822.9000,,,,1X1,1,,
GIEMSA STAIN 1000 ML,D32,STAINS ,DIACHEM,DIACHEM,3822.9000,,,,1X1,1,,
GRAM IODINE   250 ML,D33,STAINS ,DIACHEM,DIACHEM,3822.9000,,,,1X1,1,,
GRAM IODINE   500 ML,D34,STAINS ,DIACHEM,DIACHEM,3822.9000,,,,1X1,1,,
GRAM STAIN SET 4X250 ML,D35,STAINS ,DIACHEM,DIACHEM,3822.9000,,,,1X1,1,,
GRAM STAIN SET 4X500 ML,D36,STAINS ,DIACHEM,DIACHEM,3822.9000,,,,1X1,1,,
HARRIS HEMATOXYLINE 500 ML,D37,STAINS ,DIACHEM,DIACHEM,3822.9000,,,,1X1,1,,
HB REAGENT 500 ML,D38,STAINS ,DIACHEM,DIACHEM,3822.9000,,,,1X1,1,,
INDIAN INK 100 ML,D39,STAINS ,DIACHEM,DIACHEM,3822.9000,,,,1X1,1,,
KOVAC REAGENT 100 ML,D40,STAINS ,DIACHEM,DIACHEM,3822.9000,,,,1X1,1,,
KOVAC REAGENT 250 ML,D41,STAINS ,DIACHEM,DIACHEM,3822.9000,,,,1X1,1,,
"LIESHMAN, STAIN 250 ML",D42,STAINS ,DIACHEM,DIACHEM,3822.9000,,,,1X1,1,,
"LIESHMAN, STAIN 500 ML",D43,STAINS ,DIACHEM,DIACHEM,3822.9000,,,,1X1,1,,
LUGOL IODINE  500 ML,D44,STAINS ,DIACHEM,DIACHEM,3822.9000,,,,1X1,1,,
MASSON TRICHRONE,D45,STAINS ,DIACHEM,DIACHEM,3822.9000,,,,1X1,1,,
METHALINE BLUE 250 ML,D46,STAINS ,DIACHEM,DIACHEM,3822.9000,,,,1X1,1,,
METHYLENE BLUE 500 ML,D47,STAINS ,DIACHEM,DIACHEM,3822.9000,,,,1X1,1,,
N/10  HCL 250 ML,D48,STAINS ,DIACHEM,DIACHEM,3822.9000,,,,1X1,1,,
N/10 HCL 500 ML,D49,STAINS ,DIACHEM,DIACHEM,3822.9000,,,,1X1,1,,
OG 6 PAPNICOLAOU 500 ML,D50,STAINS ,DIACHEM,DIACHEM,3822.9000,,,,1X1,1,,
PAP COLOR 4X250 ML,D51,STAINS ,DIACHEM,DIACHEM,3822.9000,,,,1X1,1,,
PAP COLOR 4X500 ML,D52,STAINS ,DIACHEM,DIACHEM,3822.9000,,,,1X1,1,,
PAS STAIN  3X500 ML,D53,STAINS ,DIACHEM,DIACHEM,3822.9000,,,,1X1,1,,
PERL STAIN KIT (IRON STAIN ),D54,STAINS ,DIACHEM,DIACHEM,3822.9000,,,,1X1,1,,
PLATELET COUNT 250 ML,D55,STAINS ,DIACHEM,DIACHEM,3822.9000,,,,1X1,1,,
PLATELET COUNT 500 ML,D56,STAINS ,DIACHEM,DIACHEM,3822.9000,,,,1X1,1,,
POTASSIUM HYDROXIDE 500 ML,D57,STAINS ,DIACHEM,DIACHEM,3822.9000,,,,1X1,1,,
RBC COUNT 500 ML,D58,STAINS ,DIACHEM,DIACHEM,3822.9000,,,,1X1,1,,
RETICULOCYTE COUNT STAIN 120 ML,D59,STAINS ,DIACHEM,DIACHEM,3822.9000,,,,1X1,1,,
RETICULOCYTE COUNT STAIN 250 ML,D60,STAINS ,DIACHEM,DIACHEM,3822.9000,,,,1X1,1,,
RETICULOCYTE COUNT STAIN 500 ML,D61,STAINS ,DIACHEM,DIACHEM,3822.9000,,,,1X1,1,,
SAFRANINE STAIN 250 ML,D62,STAINS ,DIACHEM,DIACHEM,3822.9000,,,,1X1,1,,
SAFRANINE STAIN 500 ML,D63,STAINS ,DIACHEM,DIACHEM,3822.9000,,,,1X1,1,,
SCHIFF REAGENT 500 ML,D64,STAINS ,DIACHEM,DIACHEM,3822.9000,,,,1X1,1,,
SEMEN DILUTING FLUIDE 250 ML,D65,STAINS ,DIACHEM,DIACHEM,3822.9000,,,,1X1,1,,
SEMEN DILUTING FLUIDE 500 ML,D66,STAINS ,DIACHEM,DIACHEM,3822.9000,,,,1X1,1,,
SUDAN BLACK KIT,D67,STAINS ,DIACHEM,DIACHEM,3822.9000,,,,1X1,1,,
SULPHRUIC ACID 20% 500 ML,D68,STAINS ,DIACHEM,DIACHEM,3822.9000,,,,1X1,1,,
WBC COUNT 500 ML,D69,STAINS ,DIACHEM,DIACHEM,3822.9000,,,,1X1,1,,
"WRIGHT ,STAIN 500 ML",D70,STAINS ,DIACHEM,DIACHEM,3822.9000,,,,1X1,1,,
Z.N STAIN SET 3X250 ML,D71,STAINS ,DIACHEM,DIACHEM,3822.9000,,,,1X1,1,,
Z.N STAIN SET 3X500 ML,D72,STAINS ,DIACHEM,DIACHEM,3822.9000,,,,1X1,1,,
BEAKAR 500 ML,G1,DISPOSSABLE ,GLASS WARE ,CHINA,7017.9000,,,,1X1,1,,
BEAKER 100 ML,G2,DISPOSSABLE ,GLASS WARE ,CHINA,7017.9000,,,,1X1,1,,
BEAKER 50 ML,G3,DISPOSSABLE ,GLASS WARE ,CHINA,7017.9000,,,,1X1,1,,
CAPILARY TUBE RED BOTTLE 1X100,G4,DISPOSSABLE ,GLASS WARE ,CHINA,7017.9000,,,,1X1,1,,
CAPPLIRY TUBE BLUE BOTTLE,G5,DISPOSSABLE ,GLASS WARE ,CHINA,7017.9000,,,,1X1,1,,
CENTRIFUGE TUBE GLASS 10 ML,G6,DISPOSSABLE ,GLASS WARE ,CHINA,7017.9000,,,,1X1,1,,
CENTRIFUGE TUBE GLASS 15 ML,G7,DISPOSSABLE ,GLASS WARE ,CHINA,7017.9000,,,,1X1,1,,
COUNTING CHAMBER (CHINA),G8,DISPOSSABLE ,GLASS WARE ,CHINA,7017.9000,,,,1X1,1,,
COUNTING CHAMBER (GERMAN),G9,DISPOSSABLE ,GLASS WARE ,GERMANY,7017.9000,,,,1X1,1,,
COVER SLIP 18X18 MM 10X100 CHINA,G10,DISPOSSABLE ,GLASS WARE ,CHINA,7017.9000,,,,1X1,1,,
COVER SLIP 18X18 MM 1X200 GMBH,G11,DISPOSSABLE ,GLASS WARE ,GMBH,7017.9000,,,,1X1,1,,
COVER SLIP 22X22 MM 1X200 GMBH,G12,DISPOSSABLE ,GLASS WARE ,GMBH,7017.9000,,,,1X1,1,,
COVER SLIP 24X50 MM (MARIENFILED) 10X100,G13,DISPOSSABLE ,GLASS WARE ,MARIENFIELD,7017.9000,,,,1X1,1,,
COVER SLIP 24X50 MM 1X100 GMBH,G14,DISPOSSABLE ,GLASS WARE ,GMBH,7017.9000,,,,1X1,1,,
CULTURE BOTTLE LARGE,G15,DISPOSSABLE ,GLASS WARE ,RSB,7017.9000,,,,1X1,1,,
CULTURE BOTTLE SMALL,G16,DISPOSSABLE ,GLASS WARE ,RSB,7017.9000,,,,1X1,1,,
CYLINDER 1000 ML,G17,DISPOSSABLE ,GLASS WARE ,CHINA,7017.9000,,,,1X1,1,,
EMPTY BOTTLE,G18,DISPOSSABLE ,GLASS WARE ,CHINA,7017.9000,,,,1X1,1,,
ESR PIPPETTE GLASS 300 MM,G19,DISPOSSABLE ,GLASS WARE ,CHINA,7017.9000,,,,1X1,1,,
GLASS SLIDE  1X65,G20,DISPOSSABLE ,GLASS WARE ,CHINA,7017.9000,,,,1X1,1,,
GLASS SLIDE 1X72,G21,DISPOSSABLE ,GLASS WARE ,CHINA,7017.9000,,,,1X1,1,,
GLASS SLIDE 1X72 IMMUMED,G22,DISPOSSABLE ,GLASS WARE ,IMMUMED,7017.9000,,,,1X1,1,,
GLASS SLIDE 1X72 PCS (BIOPRO),G23,DISPOSSABLE ,GLASS WARE ,BIOPRO,7017.9000,,,,1X1,1,,
GLASS SLIDE FROSTED 1X65,G24,DISPOSSABLE ,GLASS WARE ,CHINA,7017.9000,,,,1X1,1,,
GLASS SLIDE FROSTED 1X72,G25,DISPOSSABLE ,GLASS WARE ,CHINA,7017.9000,,,,1X1,1,,
HB  TUBE,G26,DISPOSSABLE ,GLASS WARE ,CHINA,7017.9000,,,,1X1,1,,
HB PIPETTE,G27,DISPOSSABLE ,GLASS WARE ,CHINA,7017.9000,,,,1X1,1,,
PETRI DISH 120 MM GLASS,G28,DISPOSSABLE ,GLASS WARE ,CHINA,7017.9000,,,,1X1,1,,
"PETRI DISH GLASS 4"" 1X1",G29,DISPOSSABLE ,GLASS WARE ,CHINA,7017.9000,,,,1X1,1,,
PIPETTE 0.1 ML,G30,DISPOSSABLE ,GLASS WARE ,CHINA,7017.9000,,,,1X1,1,,
PIPETTE 0.2 ML,G31,DISPOSSABLE ,GLASS WARE ,CHINA,7017.9000,,,,1X1,1,,
PIPETTE GLASS   1 ML,G32,DISPOSSABLE ,GLASS WARE ,CHINA,7017.9000,,,,1X1,1,,
PIPETTE GLASS   2 ML,G33,DISPOSSABLE ,GLASS WARE ,CHINA,7017.9000,,,,1X1,1,,
PIPETTE GLASS   5 ML,G34,DISPOSSABLE ,GLASS WARE ,CHINA,7017.9000,,,,1X1,1,,
PIPETTE GLASS 10  ML,G35,DISPOSSABLE ,GLASS WARE ,CHINA,7017.9000,,,,1X1,1,,
PT TUBE 10 ML RENGI,G36,DISPOSSABLE ,GLASS WARE ,CHINA,7017.9000,,,,1X1,1,,
RBC PIPETTE,G37,DISPOSSABLE ,GLASS WARE ,CHINA,7017.9000,,,,1X1,1,,
REAGENT BOTTLE,G38,DISPOSSABLE ,GLASS WARE ,CHINA,7017.9000,,,,1X1,1,,
REAGENT BOTTLE BLUE SCREW CAP   500 ML,G39,DISPOSSABLE ,GLASS WARE ,CHINA,7017.9000,,,,1X1,1,,
REAGENT BOTTLE BLUE SCREW CAP 1000 ML,G40,DISPOSSABLE ,GLASS WARE ,CHINA,7017.9000,,,,1X1,1,,
REFERENCE MEMBRANE ASSY,G41,DISPOSSABLE ,GLASS WARE ,CHINA,7017.9000,,,,1X1,1,,
STANING JAR GLASS TRY TYPE 5 SLIDE,G42,DISPOSSABLE ,GLASS WARE ,CHINA,7017.9000,,,,1X1,1,,
TEST TUBE 12X75 GLASS 1X100,G43,DISPOSSABLE ,GLASS WARE ,CHINA,7017.9000,,,,1X1,1,,
TEST TUBE GLASS 12X100 MM,G44,DISPOSSABLE ,GLASS WARE ,CHINA,7017.9000,,,,1X1,1,,
TEST TUBE GLASS 12X100 MM,G45,DISPOSSABLE ,GLASS WARE ,CHINA,7017.9000,,,,1X1,1,,
TEST TUBE GLASS 16X150 MM,G46,DISPOSSABLE ,GLASS WARE ,CHINA,7017.9000,,,,1X1,1,,
TEST TUBE GLASS 18X150 MM,G47,DISPOSSABLE ,GLASS WARE ,CHINA,7017.9000,,,,1X1,1,,
TEST TUBE GLASS 50 ML,G48,DISPOSSABLE ,GLASS WARE ,CHINA,7017.9000,,,,1X1,1,,
TEST TUBE GLASS SCREW CAP 13X100,G49,DISPOSSABLE ,GLASS WARE ,CHINA,7017.9000,,,,1X1,1,,
TEST TUBE GLASS SCREW CAP 15X100,G50,DISPOSSABLE ,GLASS WARE ,CHINA,7017.9000,,,,1X1,1,,
TEST TUBE GLASS SCREW CAP 16X160,G51,DISPOSSABLE ,GLASS WARE ,CHINA,7017.9000,,,,1X1,1,,
TEST TUBE GLASS SCREW CAP 18X180,G52,DISPOSSABLE ,GLASS WARE ,CHINA,7017.9000,,,,1X1,1,,
TEST TUBE GLASS SCREW CAP 20X150,G53,DISPOSSABLE ,GLASS WARE ,CHINA,7017.9000,,,,1X1,1,,
TEST TUBE GLASS SCREW CAP 20X200,G54,DISPOSSABLE ,GLASS WARE ,CHINA,7017.9000,,,,1X1,1,,
TEST TUBE GLASS SCREW CAP 25X150,G55,DISPOSSABLE ,GLASS WARE ,CHINA,7017.9000,,,,1X1,1,,
TEST TUBE GLASS SCREW CAP 25X200,G56,DISPOSSABLE ,GLASS WARE ,CHINA,7017.9000,,,,1X1,1,,
WBC PIPETTE,G57,DISPOSSABLE ,GLASS WARE ,CHINA,7017.9000,,,,1X1,1,,
ANALYZER MAINBOARD,E1,EQUIPMENT ,MACHINES ,,,,,,1X1,1,,
BLOOD BAG MIXER WITH WEIGHT,E2,EQUIPMENT ,MACHINES ,,,,,,1X1,1,,
BLOOD BAG SHAKER(MIXER),E3,EQUIPMENT ,MACHINES ,,,,,,1X1,1,,
CENTRIFUGE  A 900,E4,EQUIPMENT ,MACHINES ,,,,,,1X1,1,,
CENTRIFUGE 800 L TIMER,E5,EQUIPMENT ,MACHINES ,,,,,,1X1,1,,
CENTRIFUGE 800L,E6,EQUIPMENT ,MACHINES ,,,,,,1X1,1,,
CENTRIFUGE MACHINE 80-ILT,E7,EQUIPMENT ,MACHINES ,,,,,,1X1,1,,
CENTRIFUGE MACHINE 800,E8,EQUIPMENT ,MACHINES ,,,,,,1X1,1,,
CENTRIFUGE MACHINE MINI,E9,EQUIPMENT ,MACHINES ,,,,,,1X1,1,,
CHEMISTRY ANALYZER,E10,EQUIPMENT ,MACHINES ,,,,,,1X1,1,,
DIGITAL CENTRIFUGE MACHINE 802,E11,EQUIPMENT ,MACHINES ,,,,,,1X1,1,,
DIGITAL CLORIMETR MACHINE,E12,EQUIPMENT ,MACHINES ,,,,,,1X1,1,,
MICROSCOPE (2PCS 10X 2 PCS 16X EYEPIECE),E13,EQUIPMENT ,MACHINES ,,,,,,1X1,1,,
MICROSCOPE 107BN,E14,EQUIPMENT ,MACHINES ,,,,,,1X1,1,,
MICROSCOPE ARTICULATED,E15,EQUIPMENT ,MACHINES ,,,,,,1X1,1,,
PLASAMA EXTRACTOR,E16,EQUIPMENT ,MACHINES ,,,,,,1X1,1,,
PLASAMA EXTRACTOR SPRING,E17,EQUIPMENT ,MACHINES ,,,,,,1X1,1,,
ROLLER MIXER LARGE,E18,EQUIPMENT ,MACHINES ,,,,,,1X1,1,,
ROLLER MIXER MEDIUM,E19,EQUIPMENT ,MACHINES ,,,,,,1X1,1,,
ROLLER MIXER SMALL,E20,EQUIPMENT ,MACHINES ,,,,,,1X1,1,,
SLIDE VIEWER FIXED,E21,EQUIPMENT ,MACHINES ,,,,,,1X1,1,,
SLIDE VIEWER LIGHT,E22,EQUIPMENT ,MACHINES ,,,,,,1X1,1,,
SLIDE VIEWER MOVEABLE,E23,EQUIPMENT ,MACHINES ,,,,,,1X1,1,,
URINE ANALYZER COMBO STIK R-300,E24,EQUIPMENT ,MACHINES ,,,,,,1X1,1,,
WATER BATH,E25,EQUIPMENT ,MACHINES ,,,,,,1X1,1,,
WATER BATH DRY,E26,EQUIPMENT ,MACHINES ,,,,,,1X1,1,,
WEIGHT MACHINE,E27,EQUIPMENT ,MACHINES ,,,,,,1X1,1,,
MICRO PIPETTE       0.5-10 UL,M1,PIPETTE,MICRO PIPETTE,CHINA,,,,,1X1,1,,
MICRO PIPETTE       2-20   UL,M2,PIPETTE,MICRO PIPETTE,CHINA,,,,,1X1,1,,
MICRO PIPETTE       5-50   UL,M3,PIPETTE,MICRO PIPETTE,CHINA,,,,,1X1,1,,
MICRO PIPETTE      20-200 UL,M4,PIPETTE,MICRO PIPETTE,CHINA,,,,,1X1,1,,
MICRO PIPETTE     10-100  UL,M5,PIPETTE,MICRO PIPETTE,CHINA,,,,,1X1,1,,
MICRO PIPETTE   100-1000 UL,M6,PIPETTE,MICRO PIPETTE,CHINA,,,,,1X1,1,,
MICRO PIPETTE   200-1000 UL,M7,PIPETTE,MICRO PIPETTE,CHINA,,,,,1X1,1,,
MICRO PIPETTE   500-5000 UL,M8,PIPETTE,MICRO PIPETTE,CHINA,,,,,1X1,1,,
MICRO PIPETTE  1000-5000 UL,M9,PIPETTE,MICRO PIPETTE,CHINA,,,,,1X1,1,,
MICRO PIPETTE FIX    5 UL,M10,PIPETTE,MICRO PIPETTE,CHINA,,,,,1X1,1,,
MICRO PIPETTE FIX   10 UL,M11,PIPETTE,MICRO PIPETTE,CHINA,,,,,1X1,1,,
MICRO PIPETTE FIX   20 UL,M12,PIPETTE,MICRO PIPETTE,CHINA,,,,,1X1,1,,
MICRO PIPETTE FIX   50 UL,M13,PIPETTE,MICRO PIPETTE,CHINA,,,,,1X1,1,,
MICRO PIPETTE FIX  100 UL,M14,PIPETTE,MICRO PIPETTE,CHINA,,,,,1X1,1,,
MICRO PIPETTE FIX  200 UL,M15,PIPETTE,MICRO PIPETTE,CHINA,,,,,1X1,1,,
MICRO PIPETTE FIX  500 UL,M16,PIPETTE,MICRO PIPETTE,CHINA,,,,,1X1,1,,
MICRO PIPETTE FIX 1000 UL,M17,PIPETTE,MICRO PIPETTE,CHINA,,,,,1X1,1,,
MINI PIPETTE FIX   50 UL,M18,PIPETTE,MICRO PIPETTE,CHINA,,,,,1X1,1,,
MINI PIPETTE FIX 100 UL,M19,PIPETTE,MICRO PIPETTE,CHINA,,,,,1X1,1,,
ALCOHAL SWAB  1X100,P1,DISPOSSABLE ,PLASTIC WARE ,CHINA,,,,,1X1,1,,
ALCOHAL SWAB  1X200,P2,DISPOSSABLE ,PLASTIC WARE ,CHINA,,,,,1X1,1,,
ALCOHOL SWAB 1X200 (BIOPRO),P3,DISPOSSABLE ,PLASTIC WARE ,BIOPRO,,,,,1X1,1,,
BECKMAN 700 SAMPL(SLECTRA) CUP PS 1X1000,P4,DISPOSSABLE ,PLASTIC WARE ,CHINA,,,,,1X1,1,,
BECKMAN CX SAMPLE CUP PS 1X1000,P5,DISPOSSABLE ,PLASTIC WARE ,CHINA,,,,,1X1,1,,
BLOOD LANCET STEEL 1X200,P6,DISPOSSABLE ,PLASTIC WARE ,CHINA,,,,,1X1,1,,
BLOOD LANCET TWIST 1X100,P7,DISPOSSABLE ,PLASTIC WARE ,CHINA,,,,,1X1,1,,
BLOOD LANCET TWIST 1X200 (BIOPRO),P8,DISPOSSABLE ,PLASTIC WARE ,BIOPRO,,,,,1X1,1,,
BLOOD LANCET TWIST 1X200 PCS,P9,DISPOSSABLE ,PLASTIC WARE ,CHINA,,,,,1X1,1,,
BLUE  TIP  UNIVERSAL 1X500,P10,DISPOSSABLE ,PLASTIC WARE ,CHINA,,,,,1X1,1,,
BLUE TIP BOX  EMPTY,P11,DISPOSSABLE ,PLASTIC WARE ,CHINA,,,,,1X1,1,,
BRUSH,P12,DISPOSSABLE ,PLASTIC WARE ,CHINA,,,,,1X1,1,,
CA 50 SYSMEX (EA 50) SAMPLE TUBE,P13,DISPOSSABLE ,PLASTIC WARE ,CHINA,,,,,1X1,1,,
CENTRIFUGE BUCKET,P14,DISPOSSABLE ,PLASTIC WARE ,CHINA,,,,,1X1,1,,
CHLORINE TABLETE BOTTLE,P15,DISPOSSABLE ,PLASTIC WARE ,CHINA,,,,,1X1,1,,
CLOSED DROPER  3 ML,P16,DISPOSSABLE ,PLASTIC WARE ,CHINA,,,,,1X1,1,,
CONICAL TUBE PS 16X102 MM,P17,DISPOSSABLE ,PLASTIC WARE ,CHINA,,,,,1X1,1,,
COUNTING PAIR,P18,DISPOSSABLE ,PLASTIC WARE ,CHINA,,,,,1X1,1,,
CRYOVIAL 1.8 ML,P19,DISPOSSABLE ,PLASTIC WARE ,CHINA,,,,,1X1,1,,
CRYOVIAL 1.8 ML  BOX 100 WELL WITH COVER,P20,DISPOSSABLE ,PLASTIC WARE ,CHINA,,,,,1X1,1,,
CULTURE SWAB TUBE WOODEN STICK 1X100,P21,DISPOSSABLE ,PLASTIC WARE ,CHINA,,,,,1X1,1,,
DIAMOND PENCIL,P22,DISPOSSABLE ,PLASTIC WARE ,CHINA,,,,,1X1,1,,
DROPER GRADUATED  3 ML,P23,DISPOSSABLE ,PLASTIC WARE ,CHINA,,,,,1X1,1,,
DUSTBIN 100 LTRS,P24,DISPOSSABLE ,PLASTIC WARE ,CHINA,,,,,1X1,1,,
DUSTBINS 18 LTRS,P25,DISPOSSABLE ,PLASTIC WARE ,CHINA,,,,,1X1,1,,
DUSTBINS 25 LTRS,P26,DISPOSSABLE ,PLASTIC WARE ,CHINA,,,,,1X1,1,,
DUSTBINS 30 LTRS,P27,DISPOSSABLE ,PLASTIC WARE ,CHINA,,,,,1X1,1,,
DUSTBINS 45 LTRS,P28,DISPOSSABLE ,PLASTIC WARE ,CHINA,,,,,1X1,1,,
EMBEDDING CASSETTE WITH LID 1X250,P29,DISPOSSABLE ,PLASTIC WARE ,CHINA,,,,,1X1,1,,
ESR FILLER    2 ML (PUMP),P30,DISPOSSABLE ,PLASTIC WARE ,CHINA,,,,,1X1,1,,
ESR FILLER 10 ML (PUMP),P31,DISPOSSABLE ,PLASTIC WARE ,CHINA,,,,,1X1,1,,
ESR FILLER 25 ML,P32,DISPOSSABLE ,PLASTIC WARE ,CHINA,,,,,1X1,1,,
ESR PIPPET PLASTIC,P33,DISPOSSABLE ,PLASTIC WARE ,CHINA,,,,,1X1,1,,
FACE MASK W FILTER,P34,DISPOSSABLE ,PLASTIC WARE ,CHINA,,,,,1X1,1,,
FACE MASK WOF,P35,DISPOSSABLE ,PLASTIC WARE ,CHINA,,,,,1X1,1,,
FACE SHEET N,P36,DISPOSSABLE ,PLASTIC WARE ,CHINA,,,,,1X1,1,,
FALCON CENTRIFUGE TUBE 15 ML,P37,DISPOSSABLE ,PLASTIC WARE ,CHINA,,,,,1X1,1,,
FALCON CENTRIFUGE TUBE 50 ML,P38,DISPOSSABLE ,PLASTIC WARE ,CHINA,,,,,1X1,1,,
FALCON CENTRIFUGE TUBE 50 ML 1X25 WITH RACK,P39,DISPOSSABLE ,PLASTIC WARE ,CHINA,,,,,1X1,1,,
FALCON RACK OF CENTRIFUGE 15 ML,P40,DISPOSSABLE ,PLASTIC WARE ,CHINA,,,,,1X1,1,,
FALCON RACK OF CENTRIFUGE 50 ML,P41,DISPOSSABLE ,PLASTIC WARE ,CHINA,,,,,1X1,1,,
FILTER TIP BOX     10 UL (WHITE) 1X96,P42,DISPOSSABLE ,PLASTIC WARE ,CHINA,,,,,1X1,1,,
FILTER TIP BOX   200 UL (YELLOW) 1X96,P43,DISPOSSABLE ,PLASTIC WARE ,CHINA,,,,,1X1,1,,
FILTER TIP BOX 1000 UL (BLUE) 1X96,P44,DISPOSSABLE ,PLASTIC WARE ,CHINA,,,,,1X1,1,,
FIRST AID BOX 200 SMALL,P45,DISPOSSABLE ,PLASTIC WARE ,CHINA,,,,,1X1,1,,
FIRST AID BOX 300  MEDIUM,P46,DISPOSSABLE ,PLASTIC WARE ,CHINA,,,,,1X1,1,,
FIRST AID BOX 500 LARGE,P47,DISPOSSABLE ,PLASTIC WARE ,CHINA,,,,,1X1,1,,
FIRST AID BOX 700  EXTRA LARGE,P48,DISPOSSABLE ,PLASTIC WARE ,CHINA,,,,,1X1,1,,
FREEZING TUBE 1.8 ML 1X500,P49,DISPOSSABLE ,PLASTIC WARE ,CHINA,,,,,1X1,1,,
FREEZING TUBE 5 ML 1X200,P50,DISPOSSABLE ,PLASTIC WARE ,CHINA,,,,,1X1,1,,
GEL SWAB,P51,DISPOSSABLE ,PLASTIC WARE ,CHINA,,,,,1X1,1,,
GOOGLES,P52,DISPOSSABLE ,PLASTIC WARE ,CHINA,,,,,1X1,1,,
HITACHI CUP 1X500,P53,DISPOSSABLE ,PLASTIC WARE ,CHINA,,,,,1X1,1,,
LATEX  SURGICAL GLOVES 1X100,P54,DISPOSSABLE ,PLASTIC WARE ,CHINA,,,,,1X1,1,,
MICRO CENTRIFUGE TUBE 1.5 RNA-DNA FREE,P55,DISPOSSABLE ,PLASTIC WARE ,CHINA,,,,,1X1,1,,
MICRO PIPETTE STAND,P56,DISPOSSABLE ,PLASTIC WARE ,CHINA,,,,,1X1,1,,
MICRO TUBE 0.2 ML (SERUM CUP WITH LID 1X100),P57,DISPOSSABLE ,PLASTIC WARE ,CHINA,,,,,1X1,1,,
MICRO TUBE 0.5 ML WITH LID 1X100,P58,DISPOSSABLE ,PLASTIC WARE ,CHINA,,,,,1X1,1,,
MICRO TUBE RACK 60 WELL W/O COVER,P59,DISPOSSABLE ,PLASTIC WARE ,CHINA,,,,,1X1,1,,
MICRO TUBE RACK 96 WELL W/O COVER,P60,DISPOSSABLE ,PLASTIC WARE ,CHINA,,,,,1X1,1,,
MISC ITEM FIRS AID OTHER,P61,DISPOSSABLE ,PLASTIC WARE ,CHINA,,,,,1X1,1,,
MOB TRALLY,P62,DISPOSSABLE ,PLASTIC WARE ,CHINA,,,,,1X1,1,,
MULTI PURPOSE TUBE RACK,P63,DISPOSSABLE ,PLASTIC WARE ,CHINA,,,,,1X1,1,,
NATURAL WHITE TIP 10UL SHORT (1X1000),P64,DISPOSSABLE ,PLASTIC WARE ,CHINA,,,,,1X1,1,,
NATURAL WHITE TIP 5 ML (5000UL) CITO 1X250 PCS,P65,DISPOSSABLE ,PLASTIC WARE ,CHINA,,,,,1X1,1,,
PCR 96 WELL CULTURE PLATE  0.2 ML (U-SHAPED),P66,DISPOSSABLE ,PLASTIC WARE ,CHINA,,,,,1X1,1,,
PETRI DISH PS 90 X15MM 1XPAIR,P67,DISPOSSABLE ,PLASTIC WARE ,CHINA,,,,,1X1,1,,
PRINTER ROLL,P68,DISPOSSABLE ,PLASTIC WARE ,CHINA,,,,,1X1,1,,
SAFETY  BOX 5 LTR,P69,DISPOSSABLE ,PLASTIC WARE ,CHINA,,,,,1X1,1,,
SERUM CUP  1.5 ML 1X500,P70,DISPOSSABLE ,PLASTIC WARE ,CHINA,,,,,1X1,1,,
SERUM CUP  2    ML 1X500,P71,DISPOSSABLE ,PLASTIC WARE ,CHINA,,,,,1X1,1,,
SHARP CANE 5 LTR (JAR TYPE),P72,DISPOSSABLE ,PLASTIC WARE ,CHINA,,,,,1X1,1,,
SHARP CONTAINER    1.68 LTRS,P73,DISPOSSABLE ,PLASTIC WARE ,CHINA,,,,,1X1,1,,
SHARP CONTAINER   3 LTRS,P74,DISPOSSABLE ,PLASTIC WARE ,CHINA,,,,,1X1,1,,
SHARP CONTAINER   5 LTRS,P75,DISPOSSABLE ,PLASTIC WARE ,CHINA,,,,,1X1,1,,
SHARP CONTAINER   7 LTRS,P76,DISPOSSABLE ,PLASTIC WARE ,CHINA,,,,,1X1,1,,
SHARP CONTAINER  10 LTRS,P77,DISPOSSABLE ,PLASTIC WARE ,CHINA,,,,,1X1,1,,
SHARP CONTAINER  15 LTRS,P78,DISPOSSABLE ,PLASTIC WARE ,CHINA,,,,,1X1,1,,
SHARP CONTAINER  18  LTRS,P79,DISPOSSABLE ,PLASTIC WARE ,CHINA,,,,,1X1,1,,
SHARP CONTAINER  23 LTRS,P80,DISPOSSABLE ,PLASTIC WARE ,CHINA,,,,,1X1,1,,
SHARP CONTAINER  IDLER WHEEL 50 LTRS,P81,DISPOSSABLE ,PLASTIC WARE ,CHINA,,,,,1X1,1,,
SHARP CONTAINER FOR LAB PEDAL  50 LTRS,P82,DISPOSSABLE ,PLASTIC WARE ,CHINA,,,,,1X1,1,,
SHOPER,P83,DISPOSSABLE ,PLASTIC WARE ,CHINA,,,,,1X1,1,,
SIGMA CUP 1X1000,P84,DISPOSSABLE ,PLASTIC WARE ,CHINA,,,,,1X1,1,,
SLIDE TRAY 20 PLACES,P85,DISPOSSABLE ,PLASTIC WARE ,CHINA,,,,,1X1,1,,
SPIL KIT ROLLER BOX SERIES,P86,DISPOSSABLE ,PLASTIC WARE ,CHINA,,,,,1X1,1,,
SPUTUM CUP,P87,DISPOSSABLE ,PLASTIC WARE ,CHINA,,,,,1X1,1,,
STETO  SCOPE,P88,DISPOSSABLE ,PLASTIC WARE ,CHINA,,,,,1X1,1,,
STOOL CONTAINER,P89,DISPOSSABLE ,PLASTIC WARE ,CHINA,,,,,1X1,1,,
STOPER 12X75 MM 1X1000,P90,DISPOSSABLE ,PLASTIC WARE ,CHINA,,,,,1X1,1,,
STOPER 13X75 MM 1X1000,P91,DISPOSSABLE ,PLASTIC WARE ,CHINA,,,,,1X1,1,,
STORAGE BOX (MICRO TUBE1.5 ML)72 WELL,P92,DISPOSSABLE ,PLASTIC WARE ,CHINA,,,,,1X1,1,,
SYRING CUTTER 3 L,P93,DISPOSSABLE ,PLASTIC WARE ,CHINA,,,,,1X1,1,,
SYRING CUTTER 5 L,P94,DISPOSSABLE ,PLASTIC WARE ,CHINA,,,,,1X1,1,,
SYRING CUTTER PLASTIC STEEL HANDLE,P95,DISPOSSABLE ,PLASTIC WARE ,CHINA,,,,,1X1,1,,
SYRINGE CUTTER  STEEL,P96,DISPOSSABLE ,PLASTIC WARE ,CHINA,,,,,1X1,1,,
SYRINGE CUTTER PLASTIC,P97,DISPOSSABLE ,PLASTIC WARE ,CHINA,,,,,1X1,1,,
SYRINGE STOPPER 1X1000,P98,DISPOSSABLE ,PLASTIC WARE ,CHINA,,,,,1X1,1,,
TECO CUP 1X1000,P99,DISPOSSABLE ,PLASTIC WARE ,CHINA,,,,,1X1,1,,
TEST TUBE 12X75 PS 1X500,P100,DISPOSSABLE ,PLASTIC WARE ,CHINA,,,,,1X1,1,,
TEST TUBE 16X100 PS,P101,DISPOSSABLE ,PLASTIC WARE ,CHINA,,,,,1X1,1,,
TEST TUBE PS 13X75 MM,P102,DISPOSSABLE ,PLASTIC WARE ,CHINA,,,,,1X1,1,,
TEST TUBE RACK 24 HOLE,P103,DISPOSSABLE ,PLASTIC WARE ,CHINA,,,,,1X1,1,,
TEST TUBE RACK PS 90 HOLE,P104,DISPOSSABLE ,PLASTIC WARE ,CHINA,,,,,1X1,1,,
TISSUE CULTURE FLASK  25 ML,P105,DISPOSSABLE ,PLASTIC WARE ,CHINA,,,,,1X1,1,,
TISSUE CULTURE FLASK  50ML,P106,DISPOSSABLE ,PLASTIC WARE ,CHINA,,,,,1X1,1,,
TISSUE CULTURE FLASK 250 ML,P107,DISPOSSABLE ,PLASTIC WARE ,CHINA,,,,,1X1,1,,
TISSUE CULTURE FLASK 600 ML,P108,DISPOSSABLE ,PLASTIC WARE ,CHINA,,,,,1X1,1,,
TISSUE CULTURE FLASK 850 ML,P109,DISPOSSABLE ,PLASTIC WARE ,CHINA,,,,,1X1,1,,
TORNI QUIT WITH BUTTON,P110,DISPOSSABLE ,PLASTIC WARE ,CHINA,,,,,1X1,1,,
TORNIQUIT SIMPLE,P111,DISPOSSABLE ,PLASTIC WARE ,CHINA,,,,,1X1,1,,
TUBE RACK 50 HOLE,P112,DISPOSSABLE ,PLASTIC WARE ,CHINA,,,,,1X1,1,,
TUBE RACK DETACHABLE 13 MM 50 HOLE,P113,DISPOSSABLE ,PLASTIC WARE ,CHINA,,,,,1X1,1,,
URINE CONTAINER   60 ML,P114,DISPOSSABLE ,PLASTIC WARE ,CHINA,,,,,1X1,1,,
URINE CONTAINER   60 ML STERLIZED,P115,DISPOSSABLE ,PLASTIC WARE ,CHINA,,,,,1X1,1,,
URINE CONTAINER (EMPTY) 100 ML IMPORTED,P116,DISPOSSABLE ,PLASTIC WARE ,CHINA,,,,,1X1,1,,
URINE CONTAINER (EMPTY)60 ML IMPORTED,P117,DISPOSSABLE ,PLASTIC WARE ,CHINA,,,,,1X1,1,,
URINE CONTAINER 100 ML,P118,DISPOSSABLE ,PLASTIC WARE ,CHINA,,,,,1X1,1,,
URINE CONTAINER 100 ML STERLIZED,P119,DISPOSSABLE ,PLASTIC WARE ,CHINA,,,,,1X1,1,,
VTM  SWAB,P120,DISPOSSABLE ,PLASTIC WARE ,CHINA,,,,,1X1,1,,
WOODEN COTTON SWAB STICK 1X100,P121,DISPOSSABLE ,PLASTIC WARE ,CHINA,,,,,1X1,1,,
YELLOW   TIP   UNIVERSAL 1X1000,P122,DISPOSSABLE ,PLASTIC WARE ,CHINA,,,,,1X1,1,,
YELLOW TIPS BOX EMPTY,P123,DISPOSSABLE ,PLASTIC WARE ,CHINA,,,,,1X1,1,,
BLUE TIPS 1X500 BIOPRO,P124,DISPOSSABLE ,PLASTIC WARE ,BIOPRO,,,,,1X1,1,,
COVER SLIP 18X18 MM 1X200 (BIOPRO),P125,DISPOSSABLE ,PLASTIC WARE ,BIOPRO,,,,,1X1,1,,
COVER SLIP 24X50 MM (BIOPRO),P126,DISPOSSABLE ,PLASTIC WARE ,BIOPRO,,,,,1X1,1,,
CULTURE SWAB COTTON (BOPPRO) 1X100 PCS,P127,DISPOSSABLE ,PLASTIC WARE ,BIOPRO,,,,,1X1,1,,
FILTER TIPS 100 UL (LABSELECT),P128,DISPOSSABLE ,PLASTIC WARE ,BIOPRO,,,,,1X1,1,,
MICROPIPETTE 10~100 UL (BIOPRO),P129,DISPOSSABLE ,PLASTIC WARE ,BIOPRO,,,,,1X1,1,,
MICROPIPETTE 100~1000 UL (BIOPRO),P130,DISPOSSABLE ,PLASTIC WARE ,BIOPRO,,,,,1X1,1,,
MICROPIPETTE 1000 UL,P131,DISPOSSABLE ,PLASTIC WARE ,BIOPRO,,,,,1X1,1,,
MICROPIPETTE 5~50 UL (BIOPRO),P132,DISPOSSABLE ,PLASTIC WARE ,BIOPRO,,,,,1X1,1,,
NITRILE GLOVES LARGE 1X100 PCS (MAXLIFE),P133,DISPOSSABLE ,PLASTIC WARE ,MAXLIFE,,,,,1X1,1,,
NITRILE GLOVES MEDIUM 1X100 PCS MEDIUM (MAXLIFE),P134,DISPOSSABLE ,PLASTIC WARE ,MAXLIFE,,,,,1X1,1,,
PETRI DISH 90 MM PLASTIC (BIOPRO),P135,DISPOSSABLE ,PLASTIC WARE ,BIOPRO,,,,,1X1,1,,
PETRI DISH 90 MM PLASTIC (IMMUMED),P136,DISPOSSABLE ,PLASTIC WARE ,IMMUMED,,,,,1X1,1,,
WIRE LOOP 10 UL (BIOPRO),P137,DISPOSSABLE ,PLASTIC WARE ,BIOPRO,,,,,1X1,1,,
CELL CLEAN AUTO 4 MLX20,R1,REAGENTS,SYSMEX,SYSMEX,,,,,1X1,1,,
CELL PACK SYSMEX 20 LITER,R2,REAGENTS,SYSMEX,SYSMEX,,,,,1X1,1,,
CELL PACK XNL-350 (20 LITER),R3,REAGENTS,SYSMEX,SYSMEX,,,,,1X1,1,,
EIGHT CHECK 3WP LOW1.5ML,R4,REAGENTS,SYSMEX,SYSMEX,,,,,1X1,1,,
EIGHT CHECK 3WP NORM1.5ML,R5,REAGENTS,SYSMEX,SYSMEX,,,,,1X1,1,,
FLUORO  CELL 42 ML,R6,REAGENTS,SYSMEX,SYSMEX,,,,,1X1,1,,
LYSER CELL WDF 5 LITER,R7,REAGENTS,SYSMEX,SYSMEX,,,,,1X1,1,,
STROMATOLYZER 500 ML,R8,REAGENTS,SYSMEX,SYSMEX,,,,,1X1,1,,
SULFOLYSER 1.5 LITER,R9,REAGENTS,SYSMEX,SYSMEX,,,,,1X1,1,,
SULFOLYSER 500 ML,R10,REAGENTS,SYSMEX,SYSMEX,,,,,1X1,1,,
ABD (ANTI SERA),,BIOCHEMISTRY KITS,OTHERS,OTHER,,,,,1X1,1,,
ABD DIAGAST,,BIOCHEMISTRY KITS,DIAGAST,DIAGAST,,,,,1X1,1,,
APTT 10X10 ML (HELENA),BIO H 1,BIOCHEMISTRY KITS,HELENA,HELENA,,,,,1X1,1,,
APTT 10X5 ML CACL2,BIO H 2,BIOCHEMISTRY KITS,HELENA,HELENA,,,,,1X1,1,,
APTT 6X25,BIO H 3,BIOCHEMISTRY KITS,HELENA,HELENA,,,,,1X1,1,,
BALANCE,BIO H 4,BIOCHEMISTRY KITS,HELENA,HELENA,,,,,1X1,1,,
BARCODE LABEL ROLL 1X1000 LABELS,M1,DISPOSSABLE ,MISC,,,,,,1X1,1,,
BLEECH 1X500 ML,M2,DISPOSSABLE ,MISC,,,,,,1X1,1,,
BLOOD BAG 250 ML JMS WITH BT SET,DIS 1,DISPOSSABLE ,BLOOD BAG,JMS,,,,,1X1,1,,
BLOOD COLLECTION NEEDLE 23 G,DIS 2,DISPOSSABLE ,PLASTIC WARE ,,3006.1090,,,,1X1,1,,
BON MARROW NEEDLE (MATAK),DIS 3,DISPOSSABLE ,NEEDLES,,9018.3920,,,,1X1,1,,
BONE MARROW ASPIRATION NEEDLE,DIS 4,DISPOSSABLE ,NEEDLES,,9018.3920,,,,1X1,1,,
BONE MARROW BIOPSY NEEDLE 13GX10CM,DIS 5,DISPOSSABLE ,NEEDLES,,9018.3920,,,,1X1,1,,
BONE MARROW BIOPSY NEEDLE11GX10CM,DIS 6,DISPOSSABLE ,NEEDLES,,9018.3920,,,,1X1,1,,
MISC ITEM ,DIS 7,DISPOSSABLE ,MISCLINEOUS ,,,,,,1X1,1,,
DISTILLED  WATER 5 LTR,DIS 8,DISPOSSABLE ,MISCLINEOUS ,,,,,,1X1,1,,
PROLYTE DAILY RINSE KIT (DIAMOND),R11,REAGENTS,PROLYTE,DIAMOND,3822.1900,,,,1X1,1,,
PROLYTE FLUID PACK  800ML (DIAMOND),R12,REAGENTS,PROLYTE,DIAMOND,3822.1900,,,,1X1,1,,
PROLYTE INTERNAL FILLING SOLUTION (DIAMOND),R13,REAGENTS,PROLYTE,DIAMOND,3822.1900,,,,1X1,1,,
PROLYTE MISSION CONTROL LEVEL 1-2-3 (DIAMOND),R14,REAGENTS,PROLYTE,DIAMOND,3822.1900,,,,1X1,1,,
PROLYTE PRINTER PAPER (DIAMOND),R15,REAGENTS,PROLYTE,DIAMOND,3822.1900,,,,1X1,1,,
PT 10-10 ML,BIO  H 5,BIOCHEMISTRY KITS,HELENA ,HELENA ,,,,,1X1,1,,
PT 10X2,BIO H 6,BIOCHEMISTRY KITS,HELENA ,HELENA ,,,,,1X1,1,,
SANI PLAST 1X100,M3,DISPOSSABLE ,MISCLINEOUS ,,,,,,1X1,1,,
SANI PLAST 1X20,M4,DISPOSSABLE ,MISCLINEOUS ,,,,,,1X1,1,,
SPIRIT,M5,DISPOSSABLE ,MISCLINEOUS ,,,,,,1X1,1,,
STANING RACK,M6,DISPOSSABLE ,MISCLINEOUS ,,,,,,1X1,1,,
STEEL BALL FOR KC4,M7,DISPOSSABLE ,MISCLINEOUS ,,,,,,1X1,1,,
STOP WATCH,M8,DISPOSSABLE ,MISCLINEOUS ,,,,,,1X1,1,,
SURGI GUAZ (10X10 PCS),M9,DISPOSSABLE ,MISCLINEOUS ,,,,,,1X1,1,,
SURGICAL BLADE 24 NO (1X50),M10,DISPOSSABLE ,MISCLINEOUS ,,,,,,1X1,1,,
SYRINGE 10 ML (1X100),M11,DISPOSSABLE ,MISCLINEOUS ,,,,,,1X1,1,,
SYRINGE 20 ML (1X50),M12,DISPOSSABLE ,MISCLINEOUS ,,,,,,1X1,1,,
SYRINGE 5 ML (1X100),M13,DISPOSSABLE ,MISCLINEOUS ,,,,,,1X1,1,,
TEST TUBE 12X75 GLASS.,M14,DISPOSSABLE ,MISCLINEOUS ,,,,,,1X1,1,,
TEST TUBE HOLDER STEEL,M15,DISPOSSABLE ,MISCLINEOUS ,,,,,,1X1,1,,
TEST TUBE RACK STEEL,M16,DISPOSSABLE ,MISCLINEOUS ,,,,,,1X1,1,,
THERMAL PAPER ROLL 50 MM,M17,DISPOSSABLE ,MISCLINEOUS ,,,,,,1X1,1,,
THERMAL PAPER ROLL 57 MM,M18,DISPOSSABLE ,MISCLINEOUS ,,,,,,1X1,1,,
THERMAL PAPER ROLL LARGE,M19,DISPOSSABLE ,MISCLINEOUS ,,,,,,1X1,1,,
ULTRA SOUND GEL,M20,DISPOSSABLE,MISCLINEOUS ,,,,,,1X1,1,,
"ZIP LOCK BAGS 3""X6""",DIS 9,DISPOSSABLE,PLASTIC,,,,,,1X1,1,,
BLOOD DOUBLE BAG,DIS 10,DISPOSSABLE,BLOOD BAG ,WEGO,,,,,1X1,1,,
BLOOD SINGLE BAG,DIS 11,DISPOSSABLE,BLOOD BAG ,WEGO,,,,,1X1,1,,
BLOOD TRIPLE BAG,DIS 12,DISPOSSABLE,BLOOD BAG ,WEGO,,,,,1X1,1,,
JMS BLOOD TRANSFUSION SET,DIS 13,DISPOSSABLE,BLOOD BAG ,JMS,,,,,1X1,1,,
XNL CHECK  L1-A  3ML VIAL,R 16,REAGENTS,CONTROLS,MISSION,3822.1900,,,,1X1,1,,
XNL CHECK  L2-A  3ML VIAL,R 17,REAGENTS,CONTROLS,MISSION,3822.1900,,,,1X1,1,,
XNL CHECK L1 3ML VIAL,R 18,REAGENTS,CONTROLS,MISSION,3822.1900,,,,1X1,1,,
XNL CHECK L2  3ML VIAL,R 19,REAGENTS,CONTROLS,MISSION,3822.1900,,,,1X1,1,,
AMIKACIN (AK-30),DISC 1,DISC ,SESITIVITY DISC ,OXOID,,,,,1X50 ,1,,
AMPICILLIN (AM-10),DISC 2,DISC ,SESITIVITY DISC ,OXOID,,,,,1X50 ,1,,
AUGMENTIN (AMC-30),DISC 3,DISC ,SESITIVITY DISC ,OXOID,,,,,1X50 ,1,,
AZITHROMYCIN (AZM-15),DISC 4,DISC ,SESITIVITY DISC ,OXOID,,,,,1X50 ,1,,
AZTREONAM (ATM-30),DISC 5,DISC ,SESITIVITY DISC ,OXOID,,,,,1X50 ,1,,
CEFAZOLIN (CZ-30),DISC 6,DISC ,SESITIVITY DISC ,OXOID,,,,,1X50 ,1,,
CEFEPIME (FEP-30),DISC 7,DISC ,SESITIVITY DISC ,OXOID,,,,,1X50 ,1,,
CEFIXIME (CFM-5),DISC 8,DISC ,SESITIVITY DISC ,OXOID,,,,,1X50 ,1,,
CEFOPERAZONE (CES-105),DISC 9,DISC ,SESITIVITY DISC ,OXOID,,,,,1X50 ,1,,
CEFOXITIN (FOX-30),DISC 10,DISC ,SESITIVITY DISC ,OXOID,,,,,1X50 ,1,,
CEFTAZIDIME (CAZ-30),DISC 11,DISC ,SESITIVITY DISC ,OXOID,,,,,1X50 ,1,,
CEFTRIAXONE CRO 30,DISC 12,DISC ,SESITIVITY DISC ,OXOID,,,,,1X50 ,1,,
CEFUROXIME (CTX-30),DISC 13,DISC ,SESITIVITY DISC ,OXOID,,,,,1X50 ,1,,
CEFUROXIME (CXM-30),DISC 14,DISC ,SESITIVITY DISC ,OXOID,,,,,1X50 ,1,,
CIPROFLOXACIN (CIP-5),DISC 15,DISC ,SESITIVITY DISC ,OXOID,,,,,1X50 ,1,,
CLARITHROMYCIN (CLR-15),DISC 16,DISC ,SESITIVITY DISC ,OXOID,,,,,1X50 ,1,,
CLINDAMYCIN (DA-2),DISC 17,DISC ,SESITIVITY DISC ,OXOID,,,,,1X50 ,1,,
COLISTIN (CT-10),DISC 18,DISC ,SESITIVITY DISC ,OXOID,,,,,1X50 ,1,,
DOXYCYCLINE (DO-30),DISC 19,DISC ,SESITIVITY DISC ,OXOID,,,,,1X50 ,1,,
ERYTHROMYCIN (E-15),DISC 20,DISC ,SESITIVITY DISC ,OXOID,,,,,1X50 ,1,,
FOSFOMYCIN (FF-200),DISC 21,DISC ,SESITIVITY DISC ,OXOID,,,,,1X50 ,1,,
GENTAMYCIN (CN-10),DISC 22,DISC ,SESITIVITY DISC ,OXOID,,,,,1X50 ,1,,
IMIPENEM (IPM-10),DISC 23,DISC ,SESITIVITY DISC ,OXOID,,,,,1X50 ,1,,
LEVOFLOXACIN (LEV-5),DISC 24,DISC ,SESITIVITY DISC ,OXOID,,,,,1X50 ,1,,
MEROPENEM (MEM-10),DISC 25,DISC ,SESITIVITY DISC ,OXOID,,,,,1X50 ,1,,
MINOCYCLINE (MI-30),DISC 26,DISC ,SESITIVITY DISC ,OXOID,,,,,1X50 ,1,,
NITROFURANTION (F-300),DISC 27,DISC ,SESITIVITY DISC ,OXOID,,,,,1X50 ,1,,
PB 300 POLYMIXIN DISC,DISC 28,DISC ,SESITIVITY DISC ,OXOID,,,,,1X50 ,1,,
PENICILIN (P-10),DISC 29,DISC ,SESITIVITY DISC ,OXOID,,,,,1X50 ,1,,
PIPERACILLIN (TPZ-10/100),DISC 30,DISC ,SESITIVITY DISC ,OXOID,,,,,1X50 ,1,,
SAM-10/10 SULBACTUM DISC,DISC 31,DISC ,SESITIVITY DISC ,OXOID,,,,,1X50 ,1,,
STREPTOMYCIN (S-10),DISC 32,DISC ,SESITIVITY DISC ,OXOID,,,,,1X50 ,1,,
TETRACYLINE (TE-30),DISC 33,DISC ,SESITIVITY DISC ,OXOID,,,,,1X50 ,1,,
TGC-15 TIGECYCLINE DISC,DISC 34,DISC ,SESITIVITY DISC ,OXOID,,,,,1X50 ,1,,
TOBRAMYCIN (TOB-30),DISC 35,DISC ,SESITIVITY DISC ,OXOID,,,,,1X50 ,1,,
TRIMETHOPRIM (SXT-25),DISC 36,DISC ,SESITIVITY DISC ,OXOID,,,,,1X50 ,1,,
VANCOMYCIN (VA-30),DISC 37,DISC ,SESITIVITY DISC ,OXOID,,,,,1X50 ,1,,
AMIKACIN (AK-30),DISC 38,DISC ,SESITIVITY DISC ,BIOANALYSE,,,,,1X50 ,1,,
AMPICILLIN (AM-10),DISC 39,DISC ,SESITIVITY DISC ,BIOANALYSE,,,,,1X50 ,1,,
AUGMENTIN (AMC-30),DISC 40,DISC ,SESITIVITY DISC ,BIOANALYSE,,,,,1X50 ,1,,
AZITHROMYCIN (AZM-15),DISC 41,DISC ,SESITIVITY DISC ,BIOANALYSE,,,,,1X50 ,1,,
AZTREONAM (ATM-30),DISC 42,DISC ,SESITIVITY DISC ,BIOANALYSE,,,,,1X50 ,1,,
CEFAZOLIN (CZ-30),DISC 43,DISC ,SESITIVITY DISC ,BIOANALYSE,,,,,1X50 ,1,,
CEFEPIME (FEP-30),DISC 44,DISC ,SESITIVITY DISC ,BIOANALYSE,,,,,1X50 ,1,,
CEFIXIME (CFM-5),DISC 45,DISC ,SESITIVITY DISC ,BIOANALYSE,,,,,1X50 ,1,,
CEFOPERAZONE (CES-105),DISC 46,DISC ,SESITIVITY DISC ,BIOANALYSE,,,,,1X50 ,1,,
CEFOXITIN (FOX-30),DISC 47,DISC ,SESITIVITY DISC ,BIOANALYSE,,,,,1X50 ,1,,
CEFTAZIDIME (CAZ-30),DISC 48,DISC ,SESITIVITY DISC ,BIOANALYSE,,,,,1X50 ,1,,
CEFTRIAXONE CRO 30,DISC 49,DISC ,SESITIVITY DISC ,BIOANALYSE,,,,,1X50 ,1,,
CEFUROXIME (CTX-30),DISC 50,DISC ,SESITIVITY DISC ,BIOANALYSE,,,,,1X50 ,1,,
CEFUROXIME (CXM-30),DISC 51,DISC ,SESITIVITY DISC ,BIOANALYSE,,,,,1X50 ,1,,
CIPROFLOXACIN (CIP-5),DISC 52,DISC ,SESITIVITY DISC ,BIOANALYSE,,,,,1X50 ,1,,
CLARITHROMYCIN (CLR-15),DISC 53,DISC ,SESITIVITY DISC ,BIOANALYSE,,,,,1X50 ,1,,
CLINDAMYCIN (DA-2),DISC 54,DISC ,SESITIVITY DISC ,BIOANALYSE,,,,,1X50 ,1,,
COLISTIN (CT-10),DISC 55,DISC ,SESITIVITY DISC ,BIOANALYSE,,,,,1X50 ,1,,
DOXYCYCLINE (DO-30),DISC 56,DISC ,SESITIVITY DISC ,BIOANALYSE,,,,,1X50 ,1,,
ERYTHROMYCIN (E-15),DISC 57,DISC ,SESITIVITY DISC ,BIOANALYSE,,,,,1X50 ,1,,
FOSFOMYCIN (FF-200),DISC 58,DISC ,SESITIVITY DISC ,BIOANALYSE,,,,,1X50 ,1,,
GENTAMYCIN (CN-10),DISC 59,DISC ,SESITIVITY DISC ,BIOANALYSE,,,,,1X50 ,1,,
IMIPENEM (IPM-10),DISC 60,DISC ,SESITIVITY DISC ,BIOANALYSE,,,,,1X50 ,1,,
LEVOFLOXACIN (LEV-5),DISC 61,DISC ,SESITIVITY DISC ,BIOANALYSE,,,,,1X50 ,1,,
MEROPENEM (MEM-10),DISC 62,DISC ,SESITIVITY DISC ,BIOANALYSE,,,,,1X50 ,1,,
MINOCYCLINE (MI-30),DISC 63,DISC ,SESITIVITY DISC ,BIOANALYSE,,,,,1X50 ,1,,
NITROFURANTION (F-300),DISC 64,DISC ,SESITIVITY DISC ,BIOANALYSE,,,,,1X50 ,1,,
PB 300 POLYMIXIN DISC,DISC 65,DISC ,SESITIVITY DISC ,BIOANALYSE,,,,,1X50 ,1,,
PENICILIN (P-10),DISC 66,DISC ,SESITIVITY DISC ,BIOANALYSE,,,,,1X50 ,1,,
PIPERACILLIN (TPZ-10/100),DISC 67,DISC ,SESITIVITY DISC ,BIOANALYSE,,,,,1X50 ,1,,
SAM-10/10 SULBACTUM DISC,DISC 68,DISC ,SESITIVITY DISC ,BIOANALYSE,,,,,1X50 ,1,,
STREPTOMYCIN (S-10),DISC 69,DISC ,SESITIVITY DISC ,BIOANALYSE,,,,,1X50 ,1,,
TETRACYLINE (TE-30),DISC 70,DISC ,SESITIVITY DISC ,BIOANALYSE,,,,,1X50 ,1,,
TGC-15 TIGECYCLINE DISC,DISC 71,DISC ,SESITIVITY DISC ,BIOANALYSE,,,,,1X50 ,1,,
TOBRAMYCIN (TOB-30),DISC 72,DISC ,SESITIVITY DISC ,BIOANALYSE,,,,,1X50 ,1,,
TRIMETHOPRIM (SXT-25),DISC 73,DISC ,SESITIVITY DISC ,BIOANALYSE,,,,,1X50 ,1,,
VANCOMYCIN (VA-30),DISC 74,DISC ,SESITIVITY DISC ,BIOANALYSE,,,,,1X50 ,1,,
